company_code,service_category,country,city,zone_code,source,province,district
#CR0001,domestic,Sri Lanka,Akurana,C,Copy of courier (1).xlsx,Central,Kandy
#CR0001,domestic,Sri Lanka,Alawatugoda,C,Copy of courier (1).xlsx,Central,Kandy
#CR0001,domestic,Sri Lanka,Aludeniya,C,Copy of courier (1).xlsx,Central,Kandy
#CR0001,domestic,Sri Lanka,Ambagahapelessa,C,Copy of courier (1).xlsx,Central,Kandy
#CR0001,domestic,Sri Lanka,Ambatenna,C,Copy of courier (1).xlsx,Central,Kandy
#CR0001,domestic,Sri Lanka,Ampitiya,C,Copy of courier (1).xlsx,Central,Kandy
#CR0001,domestic,Sri Lanka,Ankumbura,C,Copy of courier (1).xlsx,Central,Kandy
#CR0001,domestic,Sri Lanka,Atabage,C,Copy of courier (1).xlsx,Central,Kandy
#CR0001,domestic,Sri Lanka,Balana,C,Copy of courier (1).xlsx,Central,Kandy
#CR0001,domestic,Sri Lanka,Bambaragahaela,C,Copy of courier (1).xlsx,Central,Kandy
#CR0001,domestic,Sri Lanka,Barawardhana Oya,C,Copy of courier (1).xlsx,Central,Kandy
#CR0001,domestic,Sri Lanka,Batagolladeniya,C,Copy of courier (1).xlsx,Central,Kandy
#CR0001,domestic,Sri Lanka,Batugoda,C,Copy of courier (1).xlsx,Central,Kandy
#CR0001,domestic,Sri Lanka,Batumulla,C,Copy of courier (1).xlsx,Central,Kandy
#CR0001,domestic,Sri Lanka,Bawlana,C,Copy of courier (1).xlsx,Central,Kandy
#CR0001,domestic,Sri Lanka,Bopana,C,Copy of courier (1).xlsx,Central,Kandy
#CR0001,domestic,Sri Lanka,Danture,C,Copy of courier (1).xlsx,Central,Kandy
#CR0001,domestic,Sri Lanka,Dedunupitiya,C,Copy of courier (1).xlsx,Central,Kandy
#CR0001,domestic,Sri Lanka,Dekinda,C,Copy of courier (1).xlsx,Central,Kandy
#CR0001,domestic,Sri Lanka,Deltota,C,Copy of courier (1).xlsx,Central,Kandy
#CR0001,domestic,Sri Lanka,Dolapihilla,C,Copy of courier (1).xlsx,Central,Kandy
#CR0001,domestic,Sri Lanka,Dolosbage,C,Copy of courier (1).xlsx,Central,Kandy
#CR0001,domestic,Sri Lanka,Doluwa,C,Copy of courier (1).xlsx,Central,Kandy
#CR0001,domestic,Sri Lanka,Doragamuwa,C,Copy of courier (1).xlsx,Central,Kandy
#CR0001,domestic,Sri Lanka,Dunuwila,C,Copy of courier (1).xlsx,Central,Kandy
#CR0001,domestic,Sri Lanka,Ekiriya,C,Copy of courier (1).xlsx,Central,Kandy
#CR0001,domestic,Sri Lanka,Elamulla,C,Copy of courier (1).xlsx,Central,Kandy
#CR0001,domestic,Sri Lanka,Etulgama,C,Copy of courier (1).xlsx,Central,Kandy
#CR0001,domestic,Sri Lanka,Galaboda,C,Copy of courier (1).xlsx,Central,Kandy
#CR0001,domestic,Sri Lanka,Galagedara,C,Copy of courier (1).xlsx,Central,Kandy
#CR0001,domestic,Sri Lanka,Galaha,C,Copy of courier (1).xlsx,Central,Kandy
#CR0001,domestic,Sri Lanka,Galhinna,C,Copy of courier (1).xlsx,Central,Kandy
#CR0001,domestic,Sri Lanka,Gallellagama,C,Copy of courier (1).xlsx,Central,Kandy
#CR0001,domestic,Sri Lanka,Gampola,C,Copy of courier (1).xlsx,Central,Kandy
#CR0001,domestic,Sri Lanka,Gelioya,C,Copy of courier (1).xlsx,Central,Kandy
#CR0001,domestic,Sri Lanka,Godamunna,C,Copy of courier (1).xlsx,Central,Kandy
#CR0001,domestic,Sri Lanka,Gomagoda,C,Copy of courier (1).xlsx,Central,Kandy
#CR0001,domestic,Sri Lanka,Gonagantenna,C,Copy of courier (1).xlsx,Central,Kandy
#CR0001,domestic,Sri Lanka,Gonawalapatana,C,Copy of courier (1).xlsx,Central,Kandy
#CR0001,domestic,Sri Lanka,Gunnepana,C,Copy of courier (1).xlsx,Central,Kandy
#CR0001,domestic,Sri Lanka,Gurudeniya,C,Copy of courier (1).xlsx,Central,Kandy
#CR0001,domestic,Sri Lanka,Halloluwa,C,Copy of courier (1).xlsx,Central,Kandy
#CR0001,domestic,Sri Lanka,Handaganawa,C,Copy of courier (1).xlsx,Central,Kandy
#CR0001,domestic,Sri Lanka,Handawalapitiya,C,Copy of courier (1).xlsx,Central,Kandy
#CR0001,domestic,Sri Lanka,Handessa,C,Copy of courier (1).xlsx,Central,Kandy
#CR0001,domestic,Sri Lanka,Hanguranketha,C,Copy of courier (1).xlsx,Central,Kandy
#CR0001,domestic,Sri Lanka,Harankahawa,C,Copy of courier (1).xlsx,Central,Kandy
#CR0001,domestic,Sri Lanka,Hasalaka,C,Copy of courier (1).xlsx,Central,Kandy
#CR0001,domestic,Sri Lanka,Hataraliyadda,C,Copy of courier (1).xlsx,Central,Kandy
#CR0001,domestic,Sri Lanka,Hewaheta,C,Copy of courier (1).xlsx,Central,Kandy
#CR0001,domestic,Sri Lanka,Hindagala,C,Copy of courier (1).xlsx,Central,Kandy
#CR0001,domestic,Sri Lanka,Hondiyadeniya,C,Copy of courier (1).xlsx,Central,Kandy
#CR0001,domestic,Sri Lanka,Hunnasgiriya,C,Copy of courier (1).xlsx,Central,Kandy
#CR0001,domestic,Sri Lanka,Jambugahapitiya,C,Copy of courier (1).xlsx,Central,Kandy
#CR0001,domestic,Sri Lanka,Kadugannawa,C,Copy of courier (1).xlsx,Central,Kandy
#CR0001,domestic,Sri Lanka,Kahataliyadda,C,Copy of courier (1).xlsx,Central,Kandy
#CR0001,domestic,Sri Lanka,Kalugala,C,Copy of courier (1).xlsx,Central,Kandy
#CR0001,domestic,Sri Lanka,Kandy,C,Copy of courier (1).xlsx,Central,Kandy
#CR0001,domestic,Sri Lanka,Kapuliyadde,C,Copy of courier (1).xlsx,Central,Kandy
#CR0001,domestic,Sri Lanka,Karandagolla,C,Copy of courier (1).xlsx,Central,Kandy
#CR0001,domestic,Sri Lanka,Katugastota,C,Copy of courier (1).xlsx,Central,Kandy
#CR0001,domestic,Sri Lanka,Kengalla,C,Copy of courier (1).xlsx,Central,Kandy
#CR0001,domestic,Sri Lanka,Ketakumbura,C,Copy of courier (1).xlsx,Central,Kandy
#CR0001,domestic,Sri Lanka,Ketawala Leula,C,Copy of courier (1).xlsx,Central,Kandy
#CR0001,domestic,Sri Lanka,Kiribathkumbura,C,Copy of courier (1).xlsx,Central,Kandy
#CR0001,domestic,Sri Lanka,Kobonila,C,Copy of courier (1).xlsx,Central,Kandy
#CR0001,domestic,Sri Lanka,Kolabissa,C,Copy of courier (1).xlsx,Central,Kandy
#CR0001,domestic,Sri Lanka,Kolongoda,C,Copy of courier (1).xlsx,Central,Kandy
#CR0001,domestic,Sri Lanka,Kulugammana,C,Copy of courier (1).xlsx,Central,Kandy
#CR0001,domestic,Sri Lanka,Kumbukkandura,C,Copy of courier (1).xlsx,Central,Kandy
#CR0001,domestic,Sri Lanka,Kumburegama,C,Copy of courier (1).xlsx,Central,Kandy
#CR0001,domestic,Sri Lanka,Kundasale,C,Copy of courier (1).xlsx,Central,Kandy
#CR0001,domestic,Sri Lanka,Leemagahakotuwa,C,Copy of courier (1).xlsx,Central,Kandy
#CR0001,domestic,Sri Lanka,lhala Kobbekaduwa,C,Copy of courier (1).xlsx,Central,Kandy
#CR0001,domestic,Sri Lanka,lllagolla,C,Copy of courier (1).xlsx,Central,Kandy
#CR0001,domestic,Sri Lanka,Lunuketiya Maditta,C,Copy of courier (1).xlsx,Central,Kandy
#CR0001,domestic,Sri Lanka,Madawala Bazaar,C,Copy of courier (1).xlsx,Central,Kandy
#CR0001,domestic,Sri Lanka,Madugalla,C,Copy of courier (1).xlsx,Central,Kandy
#CR0001,domestic,Sri Lanka,Madulkele,C,Copy of courier (1).xlsx,Central,Kandy
#CR0001,domestic,Sri Lanka,Mahadoraliyadda,C,Copy of courier (1).xlsx,Central,Kandy
#CR0001,domestic,Sri Lanka,Mahamedagama,C,Copy of courier (1).xlsx,Central,Kandy
#CR0001,domestic,Sri Lanka,Mailapitiya,C,Copy of courier (1).xlsx,Central,Kandy
#CR0001,domestic,Sri Lanka,Makkanigama,C,Copy of courier (1).xlsx,Central,Kandy
#CR0001,domestic,Sri Lanka,Makuldeniya,C,Copy of courier (1).xlsx,Central,Kandy
#CR0001,domestic,Sri Lanka,Mandaram Nuwara,C,Copy of courier (1).xlsx,Central,Kandy
#CR0001,domestic,Sri Lanka,Mapakanda,C,Copy of courier (1).xlsx,Central,Kandy
#CR0001,domestic,Sri Lanka,Marassana,C,Copy of courier (1).xlsx,Central,Kandy
#CR0001,domestic,Sri Lanka,Marymount Colony,C,Copy of courier (1).xlsx,Central,Kandy
#CR0001,domestic,Sri Lanka,Maturata,C,Copy of courier (1).xlsx,Central,Kandy
#CR0001,domestic,Sri Lanka,Mawatura,C,Copy of courier (1).xlsx,Central,Kandy
#CR0001,domestic,Sri Lanka,Medamahanuwara,C,Copy of courier (1).xlsx,Central,Kandy
#CR0001,domestic,Sri Lanka,Medawala Harispattuwa,C,Copy of courier (1).xlsx,Central,Kandy
#CR0001,domestic,Sri Lanka,Meetalawa,C,Copy of courier (1).xlsx,Central,Kandy
#CR0001,domestic,Sri Lanka,Megoda Kalugamuwa,C,Copy of courier (1).xlsx,Central,Kandy
#CR0001,domestic,Sri Lanka,Menikdiwela,C,Copy of courier (1).xlsx,Central,Kandy
#CR0001,domestic,Sri Lanka,Menikhinna,C,Copy of courier (1).xlsx,Central,Kandy
#CR0001,domestic,Sri Lanka,Mimure,C,Copy of courier (1).xlsx,Central,Kandy
#CR0001,domestic,Sri Lanka,Minigamuwa,C,Copy of courier (1).xlsx,Central,Kandy
#CR0001,domestic,Sri Lanka,Minipe,C,Copy of courier (1).xlsx,Central,Kandy
#CR0001,domestic,Sri Lanka,Murutalawa,C,Copy of courier (1).xlsx,Central,Kandy
#CR0001,domestic,Sri Lanka,Muruthagahamulla,C,Copy of courier (1).xlsx,Central,Kandy
#CR0001,domestic,Sri Lanka,Naranpanawa,C,Copy of courier (1).xlsx,Central,Kandy
#CR0001,domestic,Sri Lanka,Nattarampotha,C,Copy of courier (1).xlsx,Central,Kandy
#CR0001,domestic,Sri Lanka,Nawalapitiya,C,Copy of courier (1).xlsx,Central,Kandy
#CR0001,domestic,Sri Lanka,Nillambe,C,Copy of courier (1).xlsx,Central,Kandy
#CR0001,domestic,Sri Lanka,Nugaliyadda,C,Copy of courier (1).xlsx,Central,Kandy
#CR0001,domestic,Sri Lanka,Nugawela,C,Copy of courier (1).xlsx,Central,Kandy
#CR0001,domestic,Sri Lanka,Pallebowala,C,Copy of courier (1).xlsx,Central,Kandy
#CR0001,domestic,Sri Lanka,Pallekotuwa,C,Copy of courier (1).xlsx,Central,Kandy
#CR0001,domestic,Sri Lanka,Panvila,C,Copy of courier (1).xlsx,Central,Kandy
#CR0001,domestic,Sri Lanka,Panwilatenna,C,Copy of courier (1).xlsx,Central,Kandy
#CR0001,domestic,Sri Lanka,Paradeka,C,Copy of courier (1).xlsx,Central,Kandy
#CR0001,domestic,Sri Lanka,Pasbage,C,Copy of courier (1).xlsx,Central,Kandy
#CR0001,domestic,Sri Lanka,Pattitalawa,C,Copy of courier (1).xlsx,Central,Kandy
#CR0001,domestic,Sri Lanka,Pattiya Watta,C,Copy of courier (1).xlsx,Central,Kandy
#CR0001,domestic,Sri Lanka,Penideniya,C,Copy of courier (1).xlsx,Central,Kandy
#CR0001,domestic,Sri Lanka,Peradeniya,C,Copy of courier (1).xlsx,Central,Kandy
#CR0001,domestic,Sri Lanka,Pilawala,C,Copy of courier (1).xlsx,Central,Kandy
#CR0001,domestic,Sri Lanka,Pilimatalawa,C,Copy of courier (1).xlsx,Central,Kandy
#CR0001,domestic,Sri Lanka,Poholiyadda,C,Copy of courier (1).xlsx,Central,Kandy
#CR0001,domestic,Sri Lanka,Polgolla,C,Copy of courier (1).xlsx,Central,Kandy
#CR0001,domestic,Sri Lanka,Pujapitiya,C,Copy of courier (1).xlsx,Central,Kandy
#CR0001,domestic,Sri Lanka,Pupuressa,C,Copy of courier (1).xlsx,Central,Kandy
#CR0001,domestic,Sri Lanka,Pussellawa,C,Copy of courier (1).xlsx,Central,Kandy
#CR0001,domestic,Sri Lanka,Putuhapuwa,C,Copy of courier (1).xlsx,Central,Kandy
#CR0001,domestic,Sri Lanka,Rajawella,C,Copy of courier (1).xlsx,Central,Kandy
#CR0001,domestic,Sri Lanka,Rambukpitiya,C,Copy of courier (1).xlsx,Central,Kandy
#CR0001,domestic,Sri Lanka,Rambukwella,C,Copy of courier (1).xlsx,Central,Kandy
#CR0001,domestic,Sri Lanka,Rangala,C,Copy of courier (1).xlsx,Central,Kandy
#CR0001,domestic,Sri Lanka,Rantembe,C,Copy of courier (1).xlsx,Central,Kandy
#CR0001,domestic,Sri Lanka,Rathukohodigala,C,Copy of courier (1).xlsx,Central,Kandy
#CR0001,domestic,Sri Lanka,Rikillagaskada,C,Copy of courier (1).xlsx,Central,Kandy
#CR0001,domestic,Sri Lanka,Sangarajapura,C,Copy of courier (1).xlsx,Central,Kandy
#CR0001,domestic,Sri Lanka,Senarathwela,C,Copy of courier (1).xlsx,Central,Kandy
#CR0001,domestic,Sri Lanka,Talatuoya,C,Copy of courier (1).xlsx,Central,Kandy
#CR0001,domestic,Sri Lanka,Tawalantenna,C,Copy of courier (1).xlsx,Central,Kandy
#CR0001,domestic,Sri Lanka,Teldeniya,C,Copy of courier (1).xlsx,Central,Kandy
#CR0001,domestic,Sri Lanka,Tennekumbura,C,Copy of courier (1).xlsx,Central,Kandy
#CR0001,domestic,Sri Lanka,Uda Peradeniya,C,Copy of courier (1).xlsx,Central,Kandy
#CR0001,domestic,Sri Lanka,Udahentenna,C,Copy of courier (1).xlsx,Central,Kandy
#CR0001,domestic,Sri Lanka,Udahingulwala,C,Copy of courier (1).xlsx,Central,Kandy
#CR0001,domestic,Sri Lanka,Udatalawinna,C,Copy of courier (1).xlsx,Central,Kandy
#CR0001,domestic,Sri Lanka,Udawatta,C,Copy of courier (1).xlsx,Central,Kandy
#CR0001,domestic,Sri Lanka,Udispattuwa,C,Copy of courier (1).xlsx,Central,Kandy
#CR0001,domestic,Sri Lanka,Ududumbara,C,Copy of courier (1).xlsx,Central,Kandy
#CR0001,domestic,Sri Lanka,Uduwa,C,Copy of courier (1).xlsx,Central,Kandy
#CR0001,domestic,Sri Lanka,Uduwahinna,C,Copy of courier (1).xlsx,Central,Kandy
#CR0001,domestic,Sri Lanka,Uduwela,C,Copy of courier (1).xlsx,Central,Kandy
#CR0001,domestic,Sri Lanka,Ulapane,C,Copy of courier (1).xlsx,Central,Kandy
#CR0001,domestic,Sri Lanka,Ulpothagama,C,Copy of courier (1).xlsx,Central,Kandy
#CR0001,domestic,Sri Lanka,Unuwinna,C,Copy of courier (1).xlsx,Central,Kandy
#CR0001,domestic,Sri Lanka,Velamboda,C,Copy of courier (1).xlsx,Central,Kandy
#CR0001,domestic,Sri Lanka,Watagoda Harispattuwa,C,Copy of courier (1).xlsx,Central,Kandy
#CR0001,domestic,Sri Lanka,Wattappola,C,Copy of courier (1).xlsx,Central,Kandy
#CR0001,domestic,Sri Lanka,Wattegama,C,Copy of courier (1).xlsx,Central,Kandy
#CR0001,domestic,Sri Lanka,Weligalla,C,Copy of courier (1).xlsx,Central,Kandy
#CR0001,domestic,Sri Lanka,Weligampola,C,Copy of courier (1).xlsx,Central,Kandy
#CR0001,domestic,Sri Lanka,Wendaruwa,C,Copy of courier (1).xlsx,Central,Kandy
#CR0001,domestic,Sri Lanka,Weragantota,C,Copy of courier (1).xlsx,Central,Kandy
#CR0001,domestic,Sri Lanka,Werapitya,C,Copy of courier (1).xlsx,Central,Kandy
#CR0001,domestic,Sri Lanka,Werellagama,C,Copy of courier (1).xlsx,Central,Kandy
#CR0001,domestic,Sri Lanka,Wettawa,C,Copy of courier (1).xlsx,Central,Kandy
#CR0001,domestic,Sri Lanka,Wilanagama,C,Copy of courier (1).xlsx,Central,Kandy
#CR0001,domestic,Sri Lanka,Yahalatenna,C,Copy of courier (1).xlsx,Central,Kandy
#CR0001,domestic,Sri Lanka,Yatihalagala,C,Copy of courier (1).xlsx,Central,Kandy
#CR0001,domestic,Sri Lanka,Akuramboda,C,Copy of courier (1).xlsx,Central,Matale
#CR0001,domestic,Sri Lanka,Alwatta,C,Copy of courier (1).xlsx,Central,Matale
#CR0001,domestic,Sri Lanka,Ambana,C,Copy of courier (1).xlsx,Central,Matale
#CR0001,domestic,Sri Lanka,Ataragallewa,C,Copy of courier (1).xlsx,Central,Matale
#CR0001,domestic,Sri Lanka,Bambaragaswewa,C,Copy of courier (1).xlsx,Central,Matale
#CR0001,domestic,Sri Lanka,Beligamuwa,C,Copy of courier (1).xlsx,Central,Matale
#CR0001,domestic,Sri Lanka,Dambulla,C,Copy of courier (1).xlsx,Central,Matale
#CR0001,domestic,Sri Lanka,Dankanda,C,Copy of courier (1).xlsx,Central,Matale
#CR0001,domestic,Sri Lanka,Devagiriya,C,Copy of courier (1).xlsx,Central,Matale
#CR0001,domestic,Sri Lanka,Dewahuwa,C,Copy of courier (1).xlsx,Central,Matale
#CR0001,domestic,Sri Lanka,Dullewa,C,Copy of courier (1).xlsx,Central,Matale
#CR0001,domestic,Sri Lanka,Dunkolawatta,C,Copy of courier (1).xlsx,Central,Matale
#CR0001,domestic,Sri Lanka,Dunuwilapitiya,C,Copy of courier (1).xlsx,Central,Matale
#CR0001,domestic,Sri Lanka,Elkaduwa,C,Copy of courier (1).xlsx,Central,Matale
#CR0001,domestic,Sri Lanka,Erawula Junction,C,Copy of courier (1).xlsx,Central,Matale
#CR0001,domestic,Sri Lanka,Etanawala,C,Copy of courier (1).xlsx,Central,Matale
#CR0001,domestic,Sri Lanka,Galewela,C,Copy of courier (1).xlsx,Central,Matale
#CR0001,domestic,Sri Lanka,Gammaduwa,C,Copy of courier (1).xlsx,Central,Matale
#CR0001,domestic,Sri Lanka,Gangala Puwakpitiya,C,Copy of courier (1).xlsx,Central,Matale
#CR0001,domestic,Sri Lanka,Handungamuwa,C,Copy of courier (1).xlsx,Central,Matale
#CR0001,domestic,Sri Lanka,Hattota Amuna,C,Copy of courier (1).xlsx,Central,Matale
#CR0001,domestic,Sri Lanka,Imbulgolla,C,Copy of courier (1).xlsx,Central,Matale
#CR0001,domestic,Sri Lanka,Inamaluwa,C,Copy of courier (1).xlsx,Central,Matale
#CR0001,domestic,Sri Lanka,Kaikawala,C,Copy of courier (1).xlsx,Central,Matale
#CR0001,domestic,Sri Lanka,Kalundawa,C,Copy of courier (1).xlsx,Central,Matale
#CR0001,domestic,Sri Lanka,Kandalama,C,Copy of courier (1).xlsx,Central,Matale
#CR0001,domestic,Sri Lanka,Karagahinna,C,Copy of courier (1).xlsx,Central,Matale
#CR0001,domestic,Sri Lanka,Katudeniya,C,Copy of courier (1).xlsx,Central,Matale
#CR0001,domestic,Sri Lanka,Kavudupelella,C,Copy of courier (1).xlsx,Central,Matale
#CR0001,domestic,Sri Lanka,Kibissa,C,Copy of courier (1).xlsx,Central,Matale
#CR0001,domestic,Sri Lanka,Kiwula,C,Copy of courier (1).xlsx,Central,Matale
#CR0001,domestic,Sri Lanka,Kongahawela,C,Copy of courier (1).xlsx,Central,Matale
#CR0001,domestic,Sri Lanka,Laggala Pallegama,C,Copy of courier (1).xlsx,Central,Matale
#CR0001,domestic,Sri Lanka,Leliambe,C,Copy of courier (1).xlsx,Central,Matale
#CR0001,domestic,Sri Lanka,Lenadora,C,Copy of courier (1).xlsx,Central,Matale
#CR0001,domestic,Sri Lanka,lllukkumbura,C,Copy of courier (1).xlsx,Central,Matale
#CR0001,domestic,Sri Lanka,Madawala Ulpotha,C,Copy of courier (1).xlsx,Central,Matale
#CR0001,domestic,Sri Lanka,Madipola,C,Copy of courier (1).xlsx,Central,Matale
#CR0001,domestic,Sri Lanka,Mahawela,C,Copy of courier (1).xlsx,Central,Matale
#CR0001,domestic,Sri Lanka,Mananwatta,C,Copy of courier (1).xlsx,Central,Matale
#CR0001,domestic,Sri Lanka,Maraka,C,Copy of courier (1).xlsx,Central,Matale
#CR0001,domestic,Sri Lanka,Matale,C,Copy of courier (1).xlsx,Central,Matale
#CR0001,domestic,Sri Lanka,Melipitiya,C,Copy of courier (1).xlsx,Central,Matale
#CR0001,domestic,Sri Lanka,Metihakka,C,Copy of courier (1).xlsx,Central,Matale
#CR0001,domestic,Sri Lanka,Millawana,C,Copy of courier (1).xlsx,Central,Matale
#CR0001,domestic,Sri Lanka,Muwandeniya,C,Copy of courier (1).xlsx,Central,Matale
#CR0001,domestic,Sri Lanka,Nalanda,C,Copy of courier (1).xlsx,Central,Matale
#CR0001,domestic,Sri Lanka,Naula,C,Copy of courier (1).xlsx,Central,Matale
#CR0001,domestic,Sri Lanka,Nugagolla,C,Copy of courier (1).xlsx,Central,Matale
#CR0001,domestic,Sri Lanka,Opalgala,C,Copy of courier (1).xlsx,Central,Matale
#CR0001,domestic,Sri Lanka,Ovilikanda,C,Copy of courier (1).xlsx,Central,Matale
#CR0001,domestic,Sri Lanka,Palapathwela,C,Copy of courier (1).xlsx,Central,Matale
#CR0001,domestic,Sri Lanka,Pallepola,C,Copy of courier (1).xlsx,Central,Matale
#CR0001,domestic,Sri Lanka,Perakanatta,C,Copy of courier (1).xlsx,Central,Matale
#CR0001,domestic,Sri Lanka,Pubbiliya,C,Copy of courier (1).xlsx,Central,Matale
#CR0001,domestic,Sri Lanka,Ranamuregama,C,Copy of courier (1).xlsx,Central,Matale
#CR0001,domestic,Sri Lanka,Rattota,C,Copy of courier (1).xlsx,Central,Matale
#CR0001,domestic,Sri Lanka,Selagama,C,Copy of courier (1).xlsx,Central,Matale
#CR0001,domestic,Sri Lanka,Sigiriya,C,Copy of courier (1).xlsx,Central,Matale
#CR0001,domestic,Sri Lanka,Talagoda Junction,C,Copy of courier (1).xlsx,Central,Matale
#CR0001,domestic,Sri Lanka,Talakiriyagama,C,Copy of courier (1).xlsx,Central,Matale
#CR0001,domestic,Sri Lanka,Udasgiriya,C,Copy of courier (1).xlsx,Central,Matale
#CR0001,domestic,Sri Lanka,Udatenna,C,Copy of courier (1).xlsx,Central,Matale
#CR0001,domestic,Sri Lanka,Ukuwela,C,Copy of courier (1).xlsx,Central,Matale
#CR0001,domestic,Sri Lanka,Wahacotte,C,Copy of courier (1).xlsx,Central,Matale
#CR0001,domestic,Sri Lanka,Walawela,C,Copy of courier (1).xlsx,Central,Matale
#CR0001,domestic,Sri Lanka,Wehigala,C,Copy of courier (1).xlsx,Central,Matale
#CR0001,domestic,Sri Lanka,Welangahawatte,C,Copy of courier (1).xlsx,Central,Matale
#CR0001,domestic,Sri Lanka,Wewalawewa,C,Copy of courier (1).xlsx,Central,Matale
#CR0001,domestic,Sri Lanka,Wilgamuwa,C,Copy of courier (1).xlsx,Central,Matale
#CR0001,domestic,Sri Lanka,Yatawatta,C,Copy of courier (1).xlsx,Central,Matale
#CR0001,domestic,Sri Lanka,Agarapathana,C,Copy of courier (1).xlsx,Central,Nuwara Eliya
#CR0001,domestic,Sri Lanka,Ambagamuwa Udabulathgama,C,Copy of courier (1).xlsx,Central,Nuwara Eliya
#CR0001,domestic,Sri Lanka,Ambatalawa,C,Copy of courier (1).xlsx,Central,Nuwara Eliya
#CR0001,domestic,Sri Lanka,Ambewela,C,Copy of courier (1).xlsx,Central,Nuwara Eliya
#CR0001,domestic,Sri Lanka,Bogawantalawa,C,Copy of courier (1).xlsx,Central,Nuwara Eliya
#CR0001,domestic,Sri Lanka,Bopattalawa,C,Copy of courier (1).xlsx,Central,Nuwara Eliya
#CR0001,domestic,Sri Lanka,Dagampitiya,C,Copy of courier (1).xlsx,Central,Nuwara Eliya
#CR0001,domestic,Sri Lanka,Dayagama Bazaar,C,Copy of courier (1).xlsx,Central,Nuwara Eliya
#CR0001,domestic,Sri Lanka,Dikoya,C,Copy of courier (1).xlsx,Central,Nuwara Eliya
#CR0001,domestic,Sri Lanka,Doragala,C,Copy of courier (1).xlsx,Central,Nuwara Eliya
#CR0001,domestic,Sri Lanka,Dunukedeniya,C,Copy of courier (1).xlsx,Central,Nuwara Eliya
#CR0001,domestic,Sri Lanka,Ginigathena,C,Copy of courier (1).xlsx,Central,Nuwara Eliya
#CR0001,domestic,Sri Lanka,Gonakele,C,Copy of courier (1).xlsx,Central,Nuwara Eliya
#CR0001,domestic,Sri Lanka,Haggala,C,Copy of courier (1).xlsx,Central,Nuwara Eliya
#CR0001,domestic,Sri Lanka,Halgranoya,C,Copy of courier (1).xlsx,Central,Nuwara Eliya
#CR0001,domestic,Sri Lanka,Hangarapitiya,C,Copy of courier (1).xlsx,Central,Nuwara Eliya
#CR0001,domestic,Sri Lanka,Hapugastalawa,C,Copy of courier (1).xlsx,Central,Nuwara Eliya
#CR0001,domestic,Sri Lanka,Harangalagama,C,Copy of courier (1).xlsx,Central,Nuwara Eliya
#CR0001,domestic,Sri Lanka,Harasbedda,C,Copy of courier (1).xlsx,Central,Nuwara Eliya
#CR0001,domestic,Sri Lanka,Hatton,C,Copy of courier (1).xlsx,Central,Nuwara Eliya
#CR0001,domestic,Sri Lanka,Hedunuwewa,C,Copy of courier (1).xlsx,Central,Nuwara Eliya
#CR0001,domestic,Sri Lanka,Hitigegama,C,Copy of courier (1).xlsx,Central,Nuwara Eliya
#CR0001,domestic,Sri Lanka,Kalaganwatta,C,Copy of courier (1).xlsx,Central,Nuwara Eliya
#CR0001,domestic,Sri Lanka,Kandapola,C,Copy of courier (1).xlsx,Central,Nuwara Eliya
#CR0001,domestic,Sri Lanka,Katukitula,C,Copy of courier (1).xlsx,Central,Nuwara Eliya
#CR0001,domestic,Sri Lanka,Keerthi Bandarapura,C,Copy of courier (1).xlsx,Central,Nuwara Eliya
#CR0001,domestic,Sri Lanka,Kelanigama,C,Copy of courier (1).xlsx,Central,Nuwara Eliya
#CR0001,domestic,Sri Lanka,Ketaboola,C,Copy of courier (1).xlsx,Central,Nuwara Eliya
#CR0001,domestic,Sri Lanka,Kotagala,C,Copy of courier (1).xlsx,Central,Nuwara Eliya
#CR0001,domestic,Sri Lanka,Kotmale,C,Copy of courier (1).xlsx,Central,Nuwara Eliya
#CR0001,domestic,Sri Lanka,Kottellena,C,Copy of courier (1).xlsx,Central,Nuwara Eliya
#CR0001,domestic,Sri Lanka,Kumbalgamuwa,C,Copy of courier (1).xlsx,Central,Nuwara Eliya
#CR0001,domestic,Sri Lanka,Kumbukwela,C,Copy of courier (1).xlsx,Central,Nuwara Eliya
#CR0001,domestic,Sri Lanka,Kurupanawela,C,Copy of courier (1).xlsx,Central,Nuwara Eliya
#CR0001,domestic,Sri Lanka,Labukele,C,Copy of courier (1).xlsx,Central,Nuwara Eliya
#CR0001,domestic,Sri Lanka,Laxapana,C,Copy of courier (1).xlsx,Central,Nuwara Eliya
#CR0001,domestic,Sri Lanka,Lindula,C,Copy of courier (1).xlsx,Central,Nuwara Eliya
#CR0001,domestic,Sri Lanka,Madulla,C,Copy of courier (1).xlsx,Central,Nuwara Eliya
#CR0001,domestic,Sri Lanka,Maldeniya,C,Copy of courier (1).xlsx,Central,Nuwara Eliya
#CR0001,domestic,Sri Lanka,Maskeliya,C,Copy of courier (1).xlsx,Central,Nuwara Eliya
#CR0001,domestic,Sri Lanka,Maswela,C,Copy of courier (1).xlsx,Central,Nuwara Eliya
#CR0001,domestic,Sri Lanka,Mipanawa,C,Copy of courier (1).xlsx,Central,Nuwara Eliya
#CR0001,domestic,Sri Lanka,Mipilimana,C,Copy of courier (1).xlsx,Central,Nuwara Eliya
#CR0001,domestic,Sri Lanka,Morahenagama,C,Copy of courier (1).xlsx,Central,Nuwara Eliya
#CR0001,domestic,Sri Lanka,Munwatta,C,Copy of courier (1).xlsx,Central,Nuwara Eliya
#CR0001,domestic,Sri Lanka,Nanuoya,C,Copy of courier (1).xlsx,Central,Nuwara Eliya
#CR0001,domestic,Sri Lanka,Nawathispane,C,Copy of courier (1).xlsx,Central,Nuwara Eliya
#CR0001,domestic,Sri Lanka,Nayapana Janapadaya,C,Copy of courier (1).xlsx,Central,Nuwara Eliya
#CR0001,domestic,Sri Lanka,Nildandahinna,C,Copy of courier (1).xlsx,Central,Nuwara Eliya
#CR0001,domestic,Sri Lanka,Nissanka Uyana,C,Copy of courier (1).xlsx,Central,Nuwara Eliya
#CR0001,domestic,Sri Lanka,Norwood,C,Copy of courier (1).xlsx,Central,Nuwara Eliya
#CR0001,domestic,Sri Lanka,Nuwara Eliya,C,Copy of courier (1).xlsx,Central,Nuwara Eliya
#CR0001,domestic,Sri Lanka,Padiyapelella,C,Copy of courier (1).xlsx,Central,Nuwara Eliya
#CR0001,domestic,Sri Lanka,Patana,C,Copy of courier (1).xlsx,Central,Nuwara Eliya
#CR0001,domestic,Sri Lanka,Pitawala,C,Copy of courier (1).xlsx,Central,Nuwara Eliya
#CR0001,domestic,Sri Lanka,Pundaluoya,C,Copy of courier (1).xlsx,Central,Nuwara Eliya
#CR0001,domestic,Sri Lanka,Ramboda,C,Copy of courier (1).xlsx,Central,Nuwara Eliya
#CR0001,domestic,Sri Lanka,Rozella,C,Copy of courier (1).xlsx,Central,Nuwara Eliya
#CR0001,domestic,Sri Lanka,Rupaha,C,Copy of courier (1).xlsx,Central,Nuwara Eliya
#CR0001,domestic,Sri Lanka,Ruwaneliya,C,Copy of courier (1).xlsx,Central,Nuwara Eliya
#CR0001,domestic,Sri Lanka,Santhipura,C,Copy of courier (1).xlsx,Central,Nuwara Eliya
#CR0001,domestic,Sri Lanka,Talawakele,C,Copy of courier (1).xlsx,Central,Nuwara Eliya
#CR0001,domestic,Sri Lanka,Teripeha,C,Copy of courier (1).xlsx,Central,Nuwara Eliya
#CR0001,domestic,Sri Lanka,Udamadura,C,Copy of courier (1).xlsx,Central,Nuwara Eliya
#CR0001,domestic,Sri Lanka,Udapussallawa,C,Copy of courier (1).xlsx,Central,Nuwara Eliya
#CR0001,domestic,Sri Lanka,Walapane,C,Copy of courier (1).xlsx,Central,Nuwara Eliya
#CR0001,domestic,Sri Lanka,Watagoda,C,Copy of courier (1).xlsx,Central,Nuwara Eliya
#CR0001,domestic,Sri Lanka,Watawala,C,Copy of courier (1).xlsx,Central,Nuwara Eliya
#CR0001,domestic,Sri Lanka,Widulipura,C,Copy of courier (1).xlsx,Central,Nuwara Eliya
#CR0001,domestic,Sri Lanka,Wijebahukanda,C,Copy of courier (1).xlsx,Central,Nuwara Eliya
#CR0001,domestic,Sri Lanka,Andiyagala,C,Copy of courier (1).xlsx,North Central,Anuradhapura
#CR0001,domestic,Sri Lanka,Angamuwa,C,Copy of courier (1).xlsx,North Central,Anuradhapura
#CR0001,domestic,Sri Lanka,Anuradhapura,C,Copy of courier (1).xlsx,North Central,Anuradhapura
#CR0001,domestic,Sri Lanka,Awukana,C,Copy of courier (1).xlsx,North Central,Anuradhapura
#CR0001,domestic,Sri Lanka,Bogahawewa,C,Copy of courier (1).xlsx,North Central,Anuradhapura
#CR0001,domestic,Sri Lanka,Dematawewa,C,Copy of courier (1).xlsx,North Central,Anuradhapura
#CR0001,domestic,Sri Lanka,Dunumadalawa,C,Copy of courier (1).xlsx,North Central,Anuradhapura
#CR0001,domestic,Sri Lanka,Dutuwewa,C,Copy of courier (1).xlsx,North Central,Anuradhapura
#CR0001,domestic,Sri Lanka,Elayapattuwa,C,Copy of courier (1).xlsx,North Central,Anuradhapura
#CR0001,domestic,Sri Lanka,Eppawala,C,Copy of courier (1).xlsx,North Central,Anuradhapura
#CR0001,domestic,Sri Lanka,Etawatunuwewa,C,Copy of courier (1).xlsx,North Central,Anuradhapura
#CR0001,domestic,Sri Lanka,Etaweeragollewa,C,Copy of courier (1).xlsx,North Central,Anuradhapura
#CR0001,domestic,Sri Lanka,Galadivulwewa,C,Copy of courier (1).xlsx,North Central,Anuradhapura
#CR0001,domestic,Sri Lanka,Galenbindunuwewa,C,Copy of courier (1).xlsx,North Central,Anuradhapura
#CR0001,domestic,Sri Lanka,Galkadawala,C,Copy of courier (1).xlsx,North Central,Anuradhapura
#CR0001,domestic,Sri Lanka,Galkiriyagama,C,Copy of courier (1).xlsx,North Central,Anuradhapura
#CR0001,domestic,Sri Lanka,Galkulama,C,Copy of courier (1).xlsx,North Central,Anuradhapura
#CR0001,domestic,Sri Lanka,Galnewa,C,Copy of courier (1).xlsx,North Central,Anuradhapura
#CR0001,domestic,Sri Lanka,Gambirigaswewa,C,Copy of courier (1).xlsx,North Central,Anuradhapura
#CR0001,domestic,Sri Lanka,Ganewalpola,C,Copy of courier (1).xlsx,North Central,Anuradhapura
#CR0001,domestic,Sri Lanka,Gemunupura,C,Copy of courier (1).xlsx,North Central,Anuradhapura
#CR0001,domestic,Sri Lanka,Getalawa,C,Copy of courier (1).xlsx,North Central,Anuradhapura
#CR0001,domestic,Sri Lanka,Gnanikulama,C,Copy of courier (1).xlsx,North Central,Anuradhapura
#CR0001,domestic,Sri Lanka,Gonahaddenawa,C,Copy of courier (1).xlsx,North Central,Anuradhapura
#CR0001,domestic,Sri Lanka,Habarana,C,Copy of courier (1).xlsx,North Central,Anuradhapura
#CR0001,domestic,Sri Lanka,Halmillawa Dambulla,C,Copy of courier (1).xlsx,North Central,Anuradhapura
#CR0001,domestic,Sri Lanka,Halmillawetiya,C,Copy of courier (1).xlsx,North Central,Anuradhapura
#CR0001,domestic,Sri Lanka,Hidogama,C,Copy of courier (1).xlsx,North Central,Anuradhapura
#CR0001,domestic,Sri Lanka,Horawpatana,C,Copy of courier (1).xlsx,North Central,Anuradhapura
#CR0001,domestic,Sri Lanka,Horiwila,C,Copy of courier (1).xlsx,North Central,Anuradhapura
#CR0001,domestic,Sri Lanka,Hurigaswewa,C,Copy of courier (1).xlsx,North Central,Anuradhapura
#CR0001,domestic,Sri Lanka,Hurulunikawewa,C,Copy of courier (1).xlsx,North Central,Anuradhapura
#CR0001,domestic,Sri Lanka,Kagama,C,Copy of courier (1).xlsx,North Central,Anuradhapura
#CR0001,domestic,Sri Lanka,Kahatagasdigiliya,C,Copy of courier (1).xlsx,North Central,Anuradhapura
#CR0001,domestic,Sri Lanka,Kahatagollewa,C,Copy of courier (1).xlsx,North Central,Anuradhapura
#CR0001,domestic,Sri Lanka,Kalakarambewa,C,Copy of courier (1).xlsx,North Central,Anuradhapura
#CR0001,domestic,Sri Lanka,Kalankuttiya,C,Copy of courier (1).xlsx,North Central,Anuradhapura
#CR0001,domestic,Sri Lanka,Kalaoya,C,Copy of courier (1).xlsx,North Central,Anuradhapura
#CR0001,domestic,Sri Lanka,Kalawedi Ulpotha,C,Copy of courier (1).xlsx,North Central,Anuradhapura
#CR0001,domestic,Sri Lanka,Kallanchiya,C,Copy of courier (1).xlsx,North Central,Anuradhapura
#CR0001,domestic,Sri Lanka,Kapugallawa,C,Copy of courier (1).xlsx,North Central,Anuradhapura
#CR0001,domestic,Sri Lanka,Karagahawewa,C,Copy of courier (1).xlsx,North Central,Anuradhapura
#CR0001,domestic,Sri Lanka,Katiyawa,C,Copy of courier (1).xlsx,North Central,Anuradhapura
#CR0001,domestic,Sri Lanka,Kebithigollewa,C,Copy of courier (1).xlsx,North Central,Anuradhapura
#CR0001,domestic,Sri Lanka,Kekirawa,C,Copy of courier (1).xlsx,North Central,Anuradhapura
#CR0001,domestic,Sri Lanka,Kendewa,C,Copy of courier (1).xlsx,North Central,Anuradhapura
#CR0001,domestic,Sri Lanka,Kiralogama,C,Copy of courier (1).xlsx,North Central,Anuradhapura
#CR0001,domestic,Sri Lanka,Kirigalwewa,C,Copy of courier (1).xlsx,North Central,Anuradhapura
#CR0001,domestic,Sri Lanka,Kitulhitiyawa,C,Copy of courier (1).xlsx,North Central,Anuradhapura
#CR0001,domestic,Sri Lanka,Kurundankulama,C,Copy of courier (1).xlsx,North Central,Anuradhapura
#CR0001,domestic,Sri Lanka,Labunoruwa,C,Copy of courier (1).xlsx,North Central,Anuradhapura
#CR0001,domestic,Sri Lanka,lhala Halmillewa,C,Copy of courier (1).xlsx,North Central,Anuradhapura
#CR0001,domestic,Sri Lanka,lhalagama,C,Copy of courier (1).xlsx,North Central,Anuradhapura
#CR0001,domestic,Sri Lanka,lpologama,C,Copy of courier (1).xlsx,North Central,Anuradhapura
#CR0001,domestic,Sri Lanka,Madatugama,C,Copy of courier (1).xlsx,North Central,Anuradhapura
#CR0001,domestic,Sri Lanka,Maha Elagamuwa,C,Copy of courier (1).xlsx,North Central,Anuradhapura
#CR0001,domestic,Sri Lanka,Mahabulankulama,C,Copy of courier (1).xlsx,North Central,Anuradhapura
#CR0001,domestic,Sri Lanka,Mahailluppallama,C,Copy of courier (1).xlsx,North Central,Anuradhapura
#CR0001,domestic,Sri Lanka,Mahakanadarawa,C,Copy of courier (1).xlsx,North Central,Anuradhapura
#CR0001,domestic,Sri Lanka,Mahapothana,C,Copy of courier (1).xlsx,North Central,Anuradhapura
#CR0001,domestic,Sri Lanka,Mahasenpura,C,Copy of courier (1).xlsx,North Central,Anuradhapura
#CR0001,domestic,Sri Lanka,Mahawilachchiya,C,Copy of courier (1).xlsx,North Central,Anuradhapura
#CR0001,domestic,Sri Lanka,Mailagaswewa,C,Copy of courier (1).xlsx,North Central,Anuradhapura
#CR0001,domestic,Sri Lanka,Malwanagama,C,Copy of courier (1).xlsx,North Central,Anuradhapura
#CR0001,domestic,Sri Lanka,Maneruwa,C,Copy of courier (1).xlsx,North Central,Anuradhapura
#CR0001,domestic,Sri Lanka,Maradankadawala,C,Copy of courier (1).xlsx,North Central,Anuradhapura
#CR0001,domestic,Sri Lanka,Maradankalla,C,Copy of courier (1).xlsx,North Central,Anuradhapura
#CR0001,domestic,Sri Lanka,Medawachchiya,C,Copy of courier (1).xlsx,North Central,Anuradhapura
#CR0001,domestic,Sri Lanka,Megodawewa,C,Copy of courier (1).xlsx,North Central,Anuradhapura
#CR0001,domestic,Sri Lanka,Mihintale,C,Copy of courier (1).xlsx,North Central,Anuradhapura
#CR0001,domestic,Sri Lanka,Morakewa,C,Copy of courier (1).xlsx,North Central,Anuradhapura
#CR0001,domestic,Sri Lanka,Mulkiriyawa,C,Copy of courier (1).xlsx,North Central,Anuradhapura
#CR0001,domestic,Sri Lanka,Muriyakadawala,C,Copy of courier (1).xlsx,North Central,Anuradhapura
#CR0001,domestic,Sri Lanka,Nachchaduwa,C,Copy of courier (1).xlsx,North Central,Anuradhapura
#CR0001,domestic,Sri Lanka,Namalpura,C,Copy of courier (1).xlsx,North Central,Anuradhapura
#CR0001,domestic,Sri Lanka,Negampaha,C,Copy of courier (1).xlsx,North Central,Anuradhapura
#CR0001,domestic,Sri Lanka,Nochchiyagama,C,Copy of courier (1).xlsx,North Central,Anuradhapura
#CR0001,domestic,Sri Lanka,Padavi Maithripura,C,Copy of courier (1).xlsx,North Central,Anuradhapura
#CR0001,domestic,Sri Lanka,Padavi Parakramapura,C,Copy of courier (1).xlsx,North Central,Anuradhapura
#CR0001,domestic,Sri Lanka,Padavi Sripura,C,Copy of courier (1).xlsx,North Central,Anuradhapura
#CR0001,domestic,Sri Lanka,Padavi Sritissapura,C,Copy of courier (1).xlsx,North Central,Anuradhapura
#CR0001,domestic,Sri Lanka,Padaviya,C,Copy of courier (1).xlsx,North Central,Anuradhapura
#CR0001,domestic,Sri Lanka,Padikaramaduwa,C,Copy of courier (1).xlsx,North Central,Anuradhapura
#CR0001,domestic,Sri Lanka,Pahala Halmillewa,C,Copy of courier (1).xlsx,North Central,Anuradhapura
#CR0001,domestic,Sri Lanka,Pahala Maragahawe,C,Copy of courier (1).xlsx,North Central,Anuradhapura
#CR0001,domestic,Sri Lanka,Pahalagama,C,Copy of courier (1).xlsx,North Central,Anuradhapura
#CR0001,domestic,Sri Lanka,Palagala,C,Copy of courier (1).xlsx,North Central,Anuradhapura
#CR0001,domestic,Sri Lanka,Palugaswewa,C,Copy of courier (1).xlsx,North Central,Anuradhapura
#CR0001,domestic,Sri Lanka,Pandukabayapura,C,Copy of courier (1).xlsx,North Central,Anuradhapura
#CR0001,domestic,Sri Lanka,Pandulagama,C,Copy of courier (1).xlsx,North Central,Anuradhapura
#CR0001,domestic,Sri Lanka,Parakumpura,C,Copy of courier (1).xlsx,North Central,Anuradhapura
#CR0001,domestic,Sri Lanka,Parangiyawadiya,C,Copy of courier (1).xlsx,North Central,Anuradhapura
#CR0001,domestic,Sri Lanka,Parasangahawewa,C,Copy of courier (1).xlsx,North Central,Anuradhapura
#CR0001,domestic,Sri Lanka,Pemaduwa,C,Copy of courier (1).xlsx,North Central,Anuradhapura
#CR0001,domestic,Sri Lanka,Perimiyankulama,C,Copy of courier (1).xlsx,North Central,Anuradhapura
#CR0001,domestic,Sri Lanka,Pihimbiyagolewa,C,Copy of courier (1).xlsx,North Central,Anuradhapura
#CR0001,domestic,Sri Lanka,Pubbogama,C,Copy of courier (1).xlsx,North Central,Anuradhapura
#CR0001,domestic,Sri Lanka,Pulmoddai,C,Copy of courier (1).xlsx,North Central,Anuradhapura
#CR0001,domestic,Sri Lanka,Punewa,C,Copy of courier (1).xlsx,North Central,Anuradhapura
#CR0001,domestic,Sri Lanka,Rajanganaya,C,Copy of courier (1).xlsx,North Central,Anuradhapura
#CR0001,domestic,Sri Lanka,Rambewa,C,Copy of courier (1).xlsx,North Central,Anuradhapura
#CR0001,domestic,Sri Lanka,Rampathwila,C,Copy of courier (1).xlsx,North Central,Anuradhapura
#CR0001,domestic,Sri Lanka,Ranorawa,C,Copy of courier (1).xlsx,North Central,Anuradhapura
#CR0001,domestic,Sri Lanka,Rathmalgahawewa,C,Copy of courier (1).xlsx,North Central,Anuradhapura
#CR0001,domestic,Sri Lanka,Saliyapura,C,Copy of courier (1).xlsx,North Central,Anuradhapura
#CR0001,domestic,Sri Lanka,Seeppukulama,C,Copy of courier (1).xlsx,North Central,Anuradhapura
#CR0001,domestic,Sri Lanka,Senapura,C,Copy of courier (1).xlsx,North Central,Anuradhapura
#CR0001,domestic,Sri Lanka,Sivalakulama,C,Copy of courier (1).xlsx,North Central,Anuradhapura
#CR0001,domestic,Sri Lanka,Siyambalewa,C,Copy of courier (1).xlsx,North Central,Anuradhapura
#CR0001,domestic,Sri Lanka,Sravasthipura,C,Copy of courier (1).xlsx,North Central,Anuradhapura
#CR0001,domestic,Sri Lanka,Talawa,C,Copy of courier (1).xlsx,North Central,Anuradhapura
#CR0001,domestic,Sri Lanka,Tambuttegama,C,Copy of courier (1).xlsx,North Central,Anuradhapura
#CR0001,domestic,Sri Lanka,Tammennawa,C,Copy of courier (1).xlsx,North Central,Anuradhapura
#CR0001,domestic,Sri Lanka,Tantirimale,C,Copy of courier (1).xlsx,North Central,Anuradhapura
#CR0001,domestic,Sri Lanka,Telhiriyawa,C,Copy of courier (1).xlsx,North Central,Anuradhapura
#CR0001,domestic,Sri Lanka,Tennamarawadiya,C,Copy of courier (1).xlsx,North Central,Anuradhapura
#CR0001,domestic,Sri Lanka,Tirappane,C,Copy of courier (1).xlsx,North Central,Anuradhapura
#CR0001,domestic,Sri Lanka,Tittagonewa,C,Copy of courier (1).xlsx,North Central,Anuradhapura
#CR0001,domestic,Sri Lanka,Udunuwara Colony,C,Copy of courier (1).xlsx,North Central,Anuradhapura
#CR0001,domestic,Sri Lanka,Upuldeniya,C,Copy of courier (1).xlsx,North Central,Anuradhapura
#CR0001,domestic,Sri Lanka,Uttimaduwa,C,Copy of courier (1).xlsx,North Central,Anuradhapura
#CR0001,domestic,Sri Lanka,Viharapalugama,C,Copy of courier (1).xlsx,North Central,Anuradhapura
#CR0001,domestic,Sri Lanka,Vijithapura,C,Copy of courier (1).xlsx,North Central,Anuradhapura
#CR0001,domestic,Sri Lanka,Wahalkada,C,Copy of courier (1).xlsx,North Central,Anuradhapura
#CR0001,domestic,Sri Lanka,Wahamalgollewa,C,Copy of courier (1).xlsx,North Central,Anuradhapura
#CR0001,domestic,Sri Lanka,Walagambahuwa,C,Copy of courier (1).xlsx,North Central,Anuradhapura
#CR0001,domestic,Sri Lanka,Walahaviddawewa,C,Copy of courier (1).xlsx,North Central,Anuradhapura
#CR0001,domestic,Sri Lanka,Welimuwapotana,C,Copy of courier (1).xlsx,North Central,Anuradhapura
#CR0001,domestic,Sri Lanka,Welioya Project,C,Copy of courier (1).xlsx,North Central,Anuradhapura
#CR0001,domestic,Sri Lanka,Alutwewa,C,Copy of courier (1).xlsx,North Central,Polonnaruwa
#CR0001,domestic,Sri Lanka,Aralaganwila,C,Copy of courier (1).xlsx,North Central,Polonnaruwa
#CR0001,domestic,Sri Lanka,Aselapura,C,Copy of courier (1).xlsx,North Central,Polonnaruwa
#CR0001,domestic,Sri Lanka,Attanakadawala,C,Copy of courier (1).xlsx,North Central,Polonnaruwa
#CR0001,domestic,Sri Lanka,Bakamuna,C,Copy of courier (1).xlsx,North Central,Polonnaruwa
#CR0001,domestic,Sri Lanka,Dalukana,C,Copy of courier (1).xlsx,North Central,Polonnaruwa
#CR0001,domestic,Sri Lanka,Damminna,C,Copy of courier (1).xlsx,North Central,Polonnaruwa
#CR0001,domestic,Sri Lanka,Dewagala,C,Copy of courier (1).xlsx,North Central,Polonnaruwa
#CR0001,domestic,Sri Lanka,Dimbulagala,C,Copy of courier (1).xlsx,North Central,Polonnaruwa
#CR0001,domestic,Sri Lanka,Divulankadawala,C,Copy of courier (1).xlsx,North Central,Polonnaruwa
#CR0001,domestic,Sri Lanka,Divuldamana,C,Copy of courier (1).xlsx,North Central,Polonnaruwa
#CR0001,domestic,Sri Lanka,Diyabeduma,C,Copy of courier (1).xlsx,North Central,Polonnaruwa
#CR0001,domestic,Sri Lanka,Diyasenpura,C,Copy of courier (1).xlsx,North Central,Polonnaruwa
#CR0001,domestic,Sri Lanka,Elahera,C,Copy of courier (1).xlsx,North Central,Polonnaruwa
#CR0001,domestic,Sri Lanka,Ellewewa,C,Copy of courier (1).xlsx,North Central,Polonnaruwa
#CR0001,domestic,Sri Lanka,Galamuna,C,Copy of courier (1).xlsx,North Central,Polonnaruwa
#CR0001,domestic,Sri Lanka,Galoya Junction,C,Copy of courier (1).xlsx,North Central,Polonnaruwa
#CR0001,domestic,Sri Lanka,Giritale,C,Copy of courier (1).xlsx,North Central,Polonnaruwa
#CR0001,domestic,Sri Lanka,Hansayapalama,C,Copy of courier (1).xlsx,North Central,Polonnaruwa
#CR0001,domestic,Sri Lanka,Hingurakdamana,C,Copy of courier (1).xlsx,North Central,Polonnaruwa
#CR0001,domestic,Sri Lanka,Hingurakgoda,C,Copy of courier (1).xlsx,North Central,Polonnaruwa
#CR0001,domestic,Sri Lanka,Jayanthipura,C,Copy of courier (1).xlsx,North Central,Polonnaruwa
#CR0001,domestic,Sri Lanka,Jayasiripura,C,Copy of courier (1).xlsx,North Central,Polonnaruwa
#CR0001,domestic,Sri Lanka,Kalingaela,C,Copy of courier (1).xlsx,North Central,Polonnaruwa
#CR0001,domestic,Sri Lanka,Kalukele Badanagala,C,Copy of courier (1).xlsx,North Central,Polonnaruwa
#CR0001,domestic,Sri Lanka,Kashyapapura,C,Copy of courier (1).xlsx,North Central,Polonnaruwa
#CR0001,domestic,Sri Lanka,Kawudulla,C,Copy of courier (1).xlsx,North Central,Polonnaruwa
#CR0001,domestic,Sri Lanka,Kawuduluwewa Stagell,C,Copy of courier (1).xlsx,North Central,Polonnaruwa
#CR0001,domestic,Sri Lanka,Kottapitiya,C,Copy of courier (1).xlsx,North Central,Polonnaruwa
#CR0001,domestic,Sri Lanka,Kumaragama,C,Copy of courier (1).xlsx,North Central,Polonnaruwa
#CR0001,domestic,Sri Lanka,Lakshauyana,C,Copy of courier (1).xlsx,North Central,Polonnaruwa
#CR0001,domestic,Sri Lanka,Maduruoya,C,Copy of courier (1).xlsx,North Central,Polonnaruwa
#CR0001,domestic,Sri Lanka,Maha Ambagaswewa,C,Copy of courier (1).xlsx,North Central,Polonnaruwa
#CR0001,domestic,Sri Lanka,Mahatalakolawewa,C,Copy of courier (1).xlsx,North Central,Polonnaruwa
#CR0001,domestic,Sri Lanka,Mahawela Sinhapura,C,Copy of courier (1).xlsx,North Central,Polonnaruwa
#CR0001,domestic,Sri Lanka,Mampitiya,C,Copy of courier (1).xlsx,North Central,Polonnaruwa
#CR0001,domestic,Sri Lanka,Medirigiriya,C,Copy of courier (1).xlsx,North Central,Polonnaruwa
#CR0001,domestic,Sri Lanka,Meegaswewa,C,Copy of courier (1).xlsx,North Central,Polonnaruwa
#CR0001,domestic,Sri Lanka,Minneriya,C,Copy of courier (1).xlsx,North Central,Polonnaruwa
#CR0001,domestic,Sri Lanka,Mutugala,C,Copy of courier (1).xlsx,North Central,Polonnaruwa
#CR0001,domestic,Sri Lanka,Nawasenapura,C,Copy of courier (1).xlsx,North Central,Polonnaruwa
#CR0001,domestic,Sri Lanka,Nelumwewa,C,Copy of courier (1).xlsx,North Central,Polonnaruwa
#CR0001,domestic,Sri Lanka,Nuwaragala,C,Copy of courier (1).xlsx,North Central,Polonnaruwa
#CR0001,domestic,Sri Lanka,Onegama,C,Copy of courier (1).xlsx,North Central,Polonnaruwa
#CR0001,domestic,Sri Lanka,Orubendi Siyambalawa,C,Copy of courier (1).xlsx,North Central,Polonnaruwa
#CR0001,domestic,Sri Lanka,Palugasdamana,C,Copy of courier (1).xlsx,North Central,Polonnaruwa
#CR0001,domestic,Sri Lanka,Parakramasamudraya,C,Copy of courier (1).xlsx,North Central,Polonnaruwa
#CR0001,domestic,Sri Lanka,Pelatiyawa,C,Copy of courier (1).xlsx,North Central,Polonnaruwa
#CR0001,domestic,Sri Lanka,Pimburattewa,C,Copy of courier (1).xlsx,North Central,Polonnaruwa
#CR0001,domestic,Sri Lanka,Polonnaruwa,C,Copy of courier (1).xlsx,North Central,Polonnaruwa
#CR0001,domestic,Sri Lanka,Pulastigama,C,Copy of courier (1).xlsx,North Central,Polonnaruwa
#CR0001,domestic,Sri Lanka,Sevanapitiya,C,Copy of courier (1).xlsx,North Central,Polonnaruwa
#CR0001,domestic,Sri Lanka,Sinhagama,C,Copy of courier (1).xlsx,North Central,Polonnaruwa
#CR0001,domestic,Sri Lanka,Sungavila,C,Copy of courier (1).xlsx,North Central,Polonnaruwa
#CR0001,domestic,Sri Lanka,Talpotha,C,Copy of courier (1).xlsx,North Central,Polonnaruwa
#CR0001,domestic,Sri Lanka,Tamankaduwa,C,Copy of courier (1).xlsx,North Central,Polonnaruwa
#CR0001,domestic,Sri Lanka,Tambala,C,Copy of courier (1).xlsx,North Central,Polonnaruwa
#CR0001,domestic,Sri Lanka,Unagalavehera,C,Copy of courier (1).xlsx,North Central,Polonnaruwa
#CR0001,domestic,Sri Lanka,Welikanda,C,Copy of courier (1).xlsx,North Central,Polonnaruwa
#CR0001,domestic,Sri Lanka,Wijayabapura,C,Copy of courier (1).xlsx,North Central,Polonnaruwa
#CR0001,domestic,Sri Lanka,Yodaela,C,Copy of courier (1).xlsx,North Central,Polonnaruwa
#CR0001,domestic,Sri Lanka,Yudaganawa,C,Copy of courier (1).xlsx,North Central,Polonnaruwa
#CR0001,domestic,Sri Lanka,Alahengama,C,Copy of courier (1).xlsx,North Western,Kurunegala
#CR0001,domestic,Sri Lanka,Alahitiyawa,C,Copy of courier (1).xlsx,North Western,Kurunegala
#CR0001,domestic,Sri Lanka,Alawatuwala,C,Copy of courier (1).xlsx,North Western,Kurunegala
#CR0001,domestic,Sri Lanka,Alawwa,C,Copy of courier (1).xlsx,North Western,Kurunegala
#CR0001,domestic,Sri Lanka,Ambakote,C,Copy of courier (1).xlsx,North Western,Kurunegala
#CR0001,domestic,Sri Lanka,Ambanpola,C,Copy of courier (1).xlsx,North Western,Kurunegala
#CR0001,domestic,Sri Lanka,Anhandiya,C,Copy of courier (1).xlsx,North Western,Kurunegala
#CR0001,domestic,Sri Lanka,Anukkane,C,Copy of courier (1).xlsx,North Western,Kurunegala
#CR0001,domestic,Sri Lanka,Aragoda,C,Copy of courier (1).xlsx,North Western,Kurunegala
#CR0001,domestic,Sri Lanka,Ataragalla,C,Copy of courier (1).xlsx,North Western,Kurunegala
#CR0001,domestic,Sri Lanka,Awulegama,C,Copy of courier (1).xlsx,North Western,Kurunegala
#CR0001,domestic,Sri Lanka,Balalla,C,Copy of courier (1).xlsx,North Western,Kurunegala
#CR0001,domestic,Sri Lanka,Bamunukotuwa,C,Copy of courier (1).xlsx,North Western,Kurunegala
#CR0001,domestic,Sri Lanka,Bandara Koswatta,C,Copy of courier (1).xlsx,North Western,Kurunegala
#CR0001,domestic,Sri Lanka,Bingiriya,C,Copy of courier (1).xlsx,North Western,Kurunegala
#CR0001,domestic,Sri Lanka,Bogamulla,C,Copy of courier (1).xlsx,North Western,Kurunegala
#CR0001,domestic,Sri Lanka,Bopitiya,C,Copy of courier (1).xlsx,North Western,Kurunegala
#CR0001,domestic,Sri Lanka,Boraluwewa,C,Copy of courier (1).xlsx,North Western,Kurunegala
#CR0001,domestic,Sri Lanka,Boyagane,C,Copy of courier (1).xlsx,North Western,Kurunegala
#CR0001,domestic,Sri Lanka,Bujjomuwa,C,Copy of courier (1).xlsx,North Western,Kurunegala
#CR0001,domestic,Sri Lanka,Buluwala,C,Copy of courier (1).xlsx,North Western,Kurunegala
#CR0001,domestic,Sri Lanka,Dambadeniya,C,Copy of courier (1).xlsx,North Western,Kurunegala
#CR0001,domestic,Sri Lanka,Daraluwa,C,Copy of courier (1).xlsx,North Western,Kurunegala
#CR0001,domestic,Sri Lanka,Deegalla,C,Copy of courier (1).xlsx,North Western,Kurunegala
#CR0001,domestic,Sri Lanka,Delwite,C,Copy of courier (1).xlsx,North Western,Kurunegala
#CR0001,domestic,Sri Lanka,Demataluwa,C,Copy of courier (1).xlsx,North Western,Kurunegala
#CR0001,domestic,Sri Lanka,Diddeniya,C,Copy of courier (1).xlsx,North Western,Kurunegala
#CR0001,domestic,Sri Lanka,Digannewa,C,Copy of courier (1).xlsx,North Western,Kurunegala
#CR0001,domestic,Sri Lanka,Divullegoda,C,Copy of courier (1).xlsx,North Western,Kurunegala
#CR0001,domestic,Sri Lanka,Dodangaslanda,C,Copy of courier (1).xlsx,North Western,Kurunegala
#CR0001,domestic,Sri Lanka,Doratiyawa,C,Copy of courier (1).xlsx,North Western,Kurunegala
#CR0001,domestic,Sri Lanka,Dummalasuriya,C,Copy of courier (1).xlsx,North Western,Kurunegala
#CR0001,domestic,Sri Lanka,Ehetuwewa,C,Copy of courier (1).xlsx,North Western,Kurunegala
#CR0001,domestic,Sri Lanka,Elibichchiya,C,Copy of courier (1).xlsx,North Western,Kurunegala
#CR0001,domestic,Sri Lanka,Embogama,C,Copy of courier (1).xlsx,North Western,Kurunegala
#CR0001,domestic,Sri Lanka,Etungahakotuwa,C,Copy of courier (1).xlsx,North Western,Kurunegala
#CR0001,domestic,Sri Lanka,Galgamuwa,C,Copy of courier (1).xlsx,North Western,Kurunegala
#CR0001,domestic,Sri Lanka,Gallewa,C,Copy of courier (1).xlsx,North Western,Kurunegala
#CR0001,domestic,Sri Lanka,Girathalana,C,Copy of courier (1).xlsx,North Western,Kurunegala
#CR0001,domestic,Sri Lanka,Giriulla,C,Copy of courier (1).xlsx,North Western,Kurunegala
#CR0001,domestic,Sri Lanka,Gokaralla,C,Copy of courier (1).xlsx,North Western,Kurunegala
#CR0001,domestic,Sri Lanka,Gonawila,C,Copy of courier (1).xlsx,North Western,Kurunegala
#CR0001,domestic,Sri Lanka,Halmillawewa,C,Copy of courier (1).xlsx,North Western,Kurunegala
#CR0001,domestic,Sri Lanka,Hengamuwa,C,Copy of courier (1).xlsx,North Western,Kurunegala
#CR0001,domestic,Sri Lanka,Hettipola,C,Copy of courier (1).xlsx,North Western,Kurunegala
#CR0001,domestic,Sri Lanka,Hilogama,C,Copy of courier (1).xlsx,North Western,Kurunegala
#CR0001,domestic,Sri Lanka,Hindagolla,C,Copy of courier (1).xlsx,North Western,Kurunegala
#CR0001,domestic,Sri Lanka,Hiriyala Lenawa,C,Copy of courier (1).xlsx,North Western,Kurunegala
#CR0001,domestic,Sri Lanka,Hiruwalpola,C,Copy of courier (1).xlsx,North Western,Kurunegala
#CR0001,domestic,Sri Lanka,Horambawa,C,Copy of courier (1).xlsx,North Western,Kurunegala
#CR0001,domestic,Sri Lanka,Hulogedara,C,Copy of courier (1).xlsx,North Western,Kurunegala
#CR0001,domestic,Sri Lanka,Hulugalla,C,Copy of courier (1).xlsx,North Western,Kurunegala
#CR0001,domestic,Sri Lanka,Hunupola,C,Copy of courier (1).xlsx,North Western,Kurunegala
#CR0001,domestic,Sri Lanka,Ihala Gomugomuwa,C,Copy of courier (1).xlsx,North Western,Kurunegala
#CR0001,domestic,Sri Lanka,Ihala Katugampala,C,Copy of courier (1).xlsx,North Western,Kurunegala
#CR0001,domestic,Sri Lanka,Indulgodakanda,C,Copy of courier (1).xlsx,North Western,Kurunegala
#CR0001,domestic,Sri Lanka,Inguruwatta,C,Copy of courier (1).xlsx,North Western,Kurunegala
#CR0001,domestic,Sri Lanka,Iriyagolla,C,Copy of courier (1).xlsx,North Western,Kurunegala
#CR0001,domestic,Sri Lanka,Ithanawatta,C,Copy of courier (1).xlsx,North Western,Kurunegala
#CR0001,domestic,Sri Lanka,Kadigawa,C,Copy of courier (1).xlsx,North Western,Kurunegala
#CR0001,domestic,Sri Lanka,Kahapathwala,C,Copy of courier (1).xlsx,North Western,Kurunegala
#CR0001,domestic,Sri Lanka,Kalugamuwa,C,Copy of courier (1).xlsx,North Western,Kurunegala
#CR0001,domestic,Sri Lanka,Kanadeniyawala,C,Copy of courier (1).xlsx,North Western,Kurunegala
#CR0001,domestic,Sri Lanka,Kanattewewa,C,Copy of courier (1).xlsx,North Western,Kurunegala
#CR0001,domestic,Sri Lanka,Karagahagedara,C,Copy of courier (1).xlsx,North Western,Kurunegala
#CR0001,domestic,Sri Lanka,Karambe,C,Copy of courier (1).xlsx,North Western,Kurunegala
#CR0001,domestic,Sri Lanka,Katupota,C,Copy of courier (1).xlsx,North Western,Kurunegala
#CR0001,domestic,Sri Lanka,Kekunagolla,C,Copy of courier (1).xlsx,North Western,Kurunegala
#CR0001,domestic,Sri Lanka,Keppitiwalana,C,Copy of courier (1).xlsx,North Western,Kurunegala
#CR0001,domestic,Sri Lanka,Kimbulwanaoya,C,Copy of courier (1).xlsx,North Western,Kurunegala
#CR0001,domestic,Sri Lanka,Kirimetiyawa,C,Copy of courier (1).xlsx,North Western,Kurunegala
#CR0001,domestic,Sri Lanka,Kirindawa,C,Copy of courier (1).xlsx,North Western,Kurunegala
#CR0001,domestic,Sri Lanka,Kirindigalla,C,Copy of courier (1).xlsx,North Western,Kurunegala
#CR0001,domestic,Sri Lanka,Kithalawa,C,Copy of courier (1).xlsx,North Western,Kurunegala
#CR0001,domestic,Sri Lanka,Kobeigane,C,Copy of courier (1).xlsx,North Western,Kurunegala
#CR0001,domestic,Sri Lanka,Kohilagedara,C,Copy of courier (1).xlsx,North Western,Kurunegala
#CR0001,domestic,Sri Lanka,Konwewa,C,Copy of courier (1).xlsx,North Western,Kurunegala
#CR0001,domestic,Sri Lanka,Kosdeniya,C,Copy of courier (1).xlsx,North Western,Kurunegala
#CR0001,domestic,Sri Lanka,Kosgolla,C,Copy of courier (1).xlsx,North Western,Kurunegala
#CR0001,domestic,Sri Lanka,Kotawehera,C,Copy of courier (1).xlsx,North Western,Kurunegala
#CR0001,domestic,Sri Lanka,Kudagalgamuwa,C,Copy of courier (1).xlsx,North Western,Kurunegala
#CR0001,domestic,Sri Lanka,Kudakatnoruwa,C,Copy of courier (1).xlsx,North Western,Kurunegala
#CR0001,domestic,Sri Lanka,Kuliyapitiya,C,Copy of courier (1).xlsx,North Western,Kurunegala
#CR0001,domestic,Sri Lanka,Kumbukgeta,C,Copy of courier (1).xlsx,North Western,Kurunegala
#CR0001,domestic,Sri Lanka,Kumbukwewa,C,Copy of courier (1).xlsx,North Western,Kurunegala
#CR0001,domestic,Sri Lanka,Kuratihena,C,Copy of courier (1).xlsx,North Western,Kurunegala
#CR0001,domestic,Sri Lanka,Kurunegala,C,Copy of courier (1).xlsx,North Western,Kurunegala
#CR0001,domestic,Sri Lanka,Labbala,C,Copy of courier (1).xlsx,North Western,Kurunegala
#CR0001,domestic,Sri Lanka,lbbagamuwa,C,Copy of courier (1).xlsx,North Western,Kurunegala
#CR0001,domestic,Sri Lanka,lhala Kadigamuwa,C,Copy of courier (1).xlsx,North Western,Kurunegala
#CR0001,domestic,Sri Lanka,llukhena,C,Copy of courier (1).xlsx,North Western,Kurunegala
#CR0001,domestic,Sri Lanka,Lonahettiya,C,Copy of courier (1).xlsx,North Western,Kurunegala
#CR0001,domestic,Sri Lanka,Madahapola,C,Copy of courier (1).xlsx,North Western,Kurunegala
#CR0001,domestic,Sri Lanka,Madakumburumulla,C,Copy of courier (1).xlsx,North Western,Kurunegala
#CR0001,domestic,Sri Lanka,Maduragoda,C,Copy of courier (1).xlsx,North Western,Kurunegala
#CR0001,domestic,Sri Lanka,Maeliya,C,Copy of courier (1).xlsx,North Western,Kurunegala
#CR0001,domestic,Sri Lanka,Magulagama,C,Copy of courier (1).xlsx,North Western,Kurunegala
#CR0001,domestic,Sri Lanka,Mahagalkadawala,C,Copy of courier (1).xlsx,North Western,Kurunegala
#CR0001,domestic,Sri Lanka,Mahagirilla,C,Copy of courier (1).xlsx,North Western,Kurunegala
#CR0001,domestic,Sri Lanka,Mahamukalanyaya,C,Copy of courier (1).xlsx,North Western,Kurunegala
#CR0001,domestic,Sri Lanka,Mahananneriya,C,Copy of courier (1).xlsx,North Western,Kurunegala
#CR0001,domestic,Sri Lanka,Maharachchimulla,C,Copy of courier (1).xlsx,North Western,Kurunegala
#CR0001,domestic,Sri Lanka,Maho,C,Copy of courier (1).xlsx,North Western,Kurunegala
#CR0001,domestic,Sri Lanka,Makulewa,C,Copy of courier (1).xlsx,North Western,Kurunegala
#CR0001,domestic,Sri Lanka,Makulpotha,C,Copy of courier (1).xlsx,North Western,Kurunegala
#CR0001,domestic,Sri Lanka,Makulwewa,C,Copy of courier (1).xlsx,North Western,Kurunegala
#CR0001,domestic,Sri Lanka,Malagane,C,Copy of courier (1).xlsx,North Western,Kurunegala
#CR0001,domestic,Sri Lanka,Mandapola,C,Copy of courier (1).xlsx,North Western,Kurunegala
#CR0001,domestic,Sri Lanka,Maspotha,C,Copy of courier (1).xlsx,North Western,Kurunegala
#CR0001,domestic,Sri Lanka,Mawathagama,C,Copy of courier (1).xlsx,North Western,Kurunegala
#CR0001,domestic,Sri Lanka,Medivawa,C,Copy of courier (1).xlsx,North Western,Kurunegala
#CR0001,domestic,Sri Lanka,Meegalawa,C,Copy of courier (1).xlsx,North Western,Kurunegala
#CR0001,domestic,Sri Lanka,Meetanwala,C,Copy of courier (1).xlsx,North Western,Kurunegala
#CR0001,domestic,Sri Lanka,Meewellawa,C,Copy of courier (1).xlsx,North Western,Kurunegala
#CR0001,domestic,Sri Lanka,Melsiripura,C,Copy of courier (1).xlsx,North Western,Kurunegala
#CR0001,domestic,Sri Lanka,Metikumbura,C,Copy of courier (1).xlsx,North Western,Kurunegala
#CR0001,domestic,Sri Lanka,Metiyagane,C,Copy of courier (1).xlsx,North Western,Kurunegala
#CR0001,domestic,Sri Lanka,Minhettiya,C,Copy of courier (1).xlsx,North Western,Kurunegala
#CR0001,domestic,Sri Lanka,Minuwangete,C,Copy of courier (1).xlsx,North Western,Kurunegala
#CR0001,domestic,Sri Lanka,Mirihanagama,C,Copy of courier (1).xlsx,North Western,Kurunegala
#CR0001,domestic,Sri Lanka,Monnekulama,C,Copy of courier (1).xlsx,North Western,Kurunegala
#CR0001,domestic,Sri Lanka,Moragane,C,Copy of courier (1).xlsx,North Western,Kurunegala
#CR0001,domestic,Sri Lanka,Moragollagama,C,Copy of courier (1).xlsx,North Western,Kurunegala
#CR0001,domestic,Sri Lanka,Morathiha,C,Copy of courier (1).xlsx,North Western,Kurunegala
#CR0001,domestic,Sri Lanka,Munamaldeniya,C,Copy of courier (1).xlsx,North Western,Kurunegala
#CR0001,domestic,Sri Lanka,Muruthenge,C,Copy of courier (1).xlsx,North Western,Kurunegala
#CR0001,domestic,Sri Lanka,Nabadewa,C,Copy of courier (1).xlsx,North Western,Kurunegala
#CR0001,domestic,Sri Lanka,Nagollagama,C,Copy of courier (1).xlsx,North Western,Kurunegala
#CR0001,domestic,Sri Lanka,Nagollagoda,C,Copy of courier (1).xlsx,North Western,Kurunegala
#CR0001,domestic,Sri Lanka,Nakkawatta,C,Copy of courier (1).xlsx,North Western,Kurunegala
#CR0001,domestic,Sri Lanka,Narammala,C,Copy of courier (1).xlsx,North Western,Kurunegala
#CR0001,domestic,Sri Lanka,Narangoda,C,Copy of courier (1).xlsx,North Western,Kurunegala
#CR0001,domestic,Sri Lanka,Nawatalwatta,C,Copy of courier (1).xlsx,North Western,Kurunegala
#CR0001,domestic,Sri Lanka,Nelliya,C,Copy of courier (1).xlsx,North Western,Kurunegala
#CR0001,domestic,Sri Lanka,Nikadalupotha,C,Copy of courier (1).xlsx,North Western,Kurunegala
#CR0001,domestic,Sri Lanka,Nikaweratiya,C,Copy of courier (1).xlsx,North Western,Kurunegala
#CR0001,domestic,Sri Lanka,Padeniya,C,Copy of courier (1).xlsx,North Western,Kurunegala
#CR0001,domestic,Sri Lanka,Padiwela,C,Copy of courier (1).xlsx,North Western,Kurunegala
#CR0001,domestic,Sri Lanka,Pahalagiribawa,C,Copy of courier (1).xlsx,North Western,Kurunegala
#CR0001,domestic,Sri Lanka,Pahamune,C,Copy of courier (1).xlsx,North Western,Kurunegala
#CR0001,domestic,Sri Lanka,Palukadawala,C,Copy of courier (1).xlsx,North Western,Kurunegala
#CR0001,domestic,Sri Lanka,Panadaragama,C,Copy of courier (1).xlsx,North Western,Kurunegala
#CR0001,domestic,Sri Lanka,Panagamuwa,C,Copy of courier (1).xlsx,North Western,Kurunegala
#CR0001,domestic,Sri Lanka,Panaliya,C,Copy of courier (1).xlsx,North Western,Kurunegala
#CR0001,domestic,Sri Lanka,Panliyadda,C,Copy of courier (1).xlsx,North Western,Kurunegala
#CR0001,domestic,Sri Lanka,Pannala,C,Copy of courier (1).xlsx,North Western,Kurunegala
#CR0001,domestic,Sri Lanka,Pansiyagama,C,Copy of courier (1).xlsx,North Western,Kurunegala
#CR0001,domestic,Sri Lanka,Periyakadneluwa,C,Copy of courier (1).xlsx,North Western,Kurunegala
#CR0001,domestic,Sri Lanka,Pihimbiya Ratmale,C,Copy of courier (1).xlsx,North Western,Kurunegala
#CR0001,domestic,Sri Lanka,Pihimbuwa,C,Copy of courier (1).xlsx,North Western,Kurunegala
#CR0001,domestic,Sri Lanka,Pilessa,C,Copy of courier (1).xlsx,North Western,Kurunegala
#CR0001,domestic,Sri Lanka,Polgahawela,C,Copy of courier (1).xlsx,North Western,Kurunegala
#CR0001,domestic,Sri Lanka,Polpitigama,C,Copy of courier (1).xlsx,North Western,Kurunegala
#CR0001,domestic,Sri Lanka,Pothuhera,C,Copy of courier (1).xlsx,North Western,Kurunegala
#CR0001,domestic,Sri Lanka,Puswelitenna,C,Copy of courier (1).xlsx,North Western,Kurunegala
#CR0001,domestic,Sri Lanka,Ridibendiella,C,Copy of courier (1).xlsx,North Western,Kurunegala
#CR0001,domestic,Sri Lanka,Ridigama,C,Copy of courier (1).xlsx,North Western,Kurunegala
#CR0001,domestic,Sri Lanka,Saliya Asokapura,C,Copy of courier (1).xlsx,North Western,Kurunegala
#CR0001,domestic,Sri Lanka,Sandalankawa,C,Copy of courier (1).xlsx,North Western,Kurunegala
#CR0001,domestic,Sri Lanka,Sirisetagama,C,Copy of courier (1).xlsx,North Western,Kurunegala
#CR0001,domestic,Sri Lanka,Siyambalangamuwa,C,Copy of courier (1).xlsx,North Western,Kurunegala
#CR0001,domestic,Sri Lanka,Solepura,C,Copy of courier (1).xlsx,North Western,Kurunegala
#CR0001,domestic,Sri Lanka,Solewewa,C,Copy of courier (1).xlsx,North Western,Kurunegala
#CR0001,domestic,Sri Lanka,Sunandapura,C,Copy of courier (1).xlsx,North Western,Kurunegala
#CR0001,domestic,Sri Lanka,Talawattegedara,C,Copy of courier (1).xlsx,North Western,Kurunegala
#CR0001,domestic,Sri Lanka,Tambutta,C,Copy of courier (1).xlsx,North Western,Kurunegala
#CR0001,domestic,Sri Lanka,Thalahitimulla,C,Copy of courier (1).xlsx,North Western,Kurunegala
#CR0001,domestic,Sri Lanka,Thalakolawewa,C,Copy of courier (1).xlsx,North Western,Kurunegala
#CR0001,domestic,Sri Lanka,Thalwita,C,Copy of courier (1).xlsx,North Western,Kurunegala
#CR0001,domestic,Sri Lanka,Thambagalla,C,Copy of courier (1).xlsx,North Western,Kurunegala
#CR0001,domestic,Sri Lanka,Tharana Udawela,C,Copy of courier (1).xlsx,North Western,Kurunegala
#CR0001,domestic,Sri Lanka,Thimbiriyawa,C,Copy of courier (1).xlsx,North Western,Kurunegala
#CR0001,domestic,Sri Lanka,Tisogama,C,Copy of courier (1).xlsx,North Western,Kurunegala
#CR0001,domestic,Sri Lanka,Torayaya,C,Copy of courier (1).xlsx,North Western,Kurunegala
#CR0001,domestic,Sri Lanka,Tuttiripitigama,C,Copy of courier (1).xlsx,North Western,Kurunegala
#CR0001,domestic,Sri Lanka,Udubaddawa,C,Copy of courier (1).xlsx,North Western,Kurunegala
#CR0001,domestic,Sri Lanka,Uhumiya,C,Copy of courier (1).xlsx,North Western,Kurunegala
#CR0001,domestic,Sri Lanka,Ulpotha Pallekele,C,Copy of courier (1).xlsx,North Western,Kurunegala
#CR0001,domestic,Sri Lanka,Usgala Siyabmalangamuwa,C,Copy of courier (1).xlsx,North Western,Kurunegala
#CR0001,domestic,Sri Lanka,Wadakada,C,Copy of courier (1).xlsx,North Western,Kurunegala
#CR0001,domestic,Sri Lanka,Wadumunnegedara,C,Copy of courier (1).xlsx,North Western,Kurunegala
#CR0001,domestic,Sri Lanka,Walakumburumulla,C,Copy of courier (1).xlsx,North Western,Kurunegala
#CR0001,domestic,Sri Lanka,Wannigama,C,Copy of courier (1).xlsx,North Western,Kurunegala
#CR0001,domestic,Sri Lanka,Wannikudawewa,C,Copy of courier (1).xlsx,North Western,Kurunegala
#CR0001,domestic,Sri Lanka,Wannilhalagama,C,Copy of courier (1).xlsx,North Western,Kurunegala
#CR0001,domestic,Sri Lanka,Wannirasnayakapura,C,Copy of courier (1).xlsx,North Western,Kurunegala
#CR0001,domestic,Sri Lanka,Warawewa,C,Copy of courier (1).xlsx,North Western,Kurunegala
#CR0001,domestic,Sri Lanka,Wariyapola,C,Copy of courier (1).xlsx,North Western,Kurunegala
#CR0001,domestic,Sri Lanka,Watuwatta,C,Copy of courier (1).xlsx,North Western,Kurunegala
#CR0001,domestic,Sri Lanka,Weerapokuna,C,Copy of courier (1).xlsx,North Western,Kurunegala
#CR0001,domestic,Sri Lanka,Welawa Juncton,C,Copy of courier (1).xlsx,North Western,Kurunegala
#CR0001,domestic,Sri Lanka,Welipennagahamulla,C,Copy of courier (1).xlsx,North Western,Kurunegala
#CR0001,domestic,Sri Lanka,Wellagala,C,Copy of courier (1).xlsx,North Western,Kurunegala
#CR0001,domestic,Sri Lanka,Wellarawa,C,Copy of courier (1).xlsx,North Western,Kurunegala
#CR0001,domestic,Sri Lanka,Wellawa,C,Copy of courier (1).xlsx,North Western,Kurunegala
#CR0001,domestic,Sri Lanka,Welpalla,C,Copy of courier (1).xlsx,North Western,Kurunegala
#CR0001,domestic,Sri Lanka,Wennoruwa,C,Copy of courier (1).xlsx,North Western,Kurunegala
#CR0001,domestic,Sri Lanka,Weuda,C,Copy of courier (1).xlsx,North Western,Kurunegala
#CR0001,domestic,Sri Lanka,Wewagama,C,Copy of courier (1).xlsx,North Western,Kurunegala
#CR0001,domestic,Sri Lanka,Yakwila,C,Copy of courier (1).xlsx,North Western,Kurunegala
#CR0001,domestic,Sri Lanka,Yatigaloluwa,C,Copy of courier (1).xlsx,North Western,Kurunegala
#CR0001,domestic,Sri Lanka,Adippala,C,Copy of courier (1).xlsx,North Western,Puttalam
#CR0001,domestic,Sri Lanka,Ambakandawila,C,Copy of courier (1).xlsx,North Western,Puttalam
#CR0001,domestic,Sri Lanka,Anamaduwa,C,Copy of courier (1).xlsx,North Western,Puttalam
#CR0001,domestic,Sri Lanka,Andigama,C,Copy of courier (1).xlsx,North Western,Puttalam
#CR0001,domestic,Sri Lanka,Angunawila,C,Copy of courier (1).xlsx,North Western,Puttalam
#CR0001,domestic,Sri Lanka,Attawilluwa,C,Copy of courier (1).xlsx,North Western,Puttalam
#CR0001,domestic,Sri Lanka,Bangadeniya,C,Copy of courier (1).xlsx,North Western,Puttalam
#CR0001,domestic,Sri Lanka,Baranankattuwa,C,Copy of courier (1).xlsx,North Western,Puttalam
#CR0001,domestic,Sri Lanka,Battuluoya,C,Copy of courier (1).xlsx,North Western,Puttalam
#CR0001,domestic,Sri Lanka,Bujjampola,C,Copy of courier (1).xlsx,North Western,Puttalam
#CR0001,domestic,Sri Lanka,Chilaw,C,Copy of courier (1).xlsx,North Western,Puttalam
#CR0001,domestic,Sri Lanka,Dankotuwa,C,Copy of courier (1).xlsx,North Western,Puttalam
#CR0001,domestic,Sri Lanka,Dunkannawa,C,Copy of courier (1).xlsx,North Western,Puttalam
#CR0001,domestic,Sri Lanka,Eluwankulama,C,Copy of courier (1).xlsx,North Western,Puttalam
#CR0001,domestic,Sri Lanka,Ettale,C,Copy of courier (1).xlsx,North Western,Puttalam
#CR0001,domestic,Sri Lanka,Galmuruwa,C,Copy of courier (1).xlsx,North Western,Puttalam
#CR0001,domestic,Sri Lanka,Ihala Kottaramulla,C,Copy of courier (1).xlsx,North Western,Puttalam
#CR0001,domestic,Sri Lanka,Ihala Puliyankulama,C,Copy of courier (1).xlsx,North Western,Puttalam
#CR0001,domestic,Sri Lanka,Ilippadeniya,C,Copy of courier (1).xlsx,North Western,Puttalam
#CR0001,domestic,Sri Lanka,Inginimitiya,C,Copy of courier (1).xlsx,North Western,Puttalam
#CR0001,domestic,Sri Lanka,Ismailpuram,C,Copy of courier (1).xlsx,North Western,Puttalam
#CR0001,domestic,Sri Lanka,Kakkapalliya,C,Copy of courier (1).xlsx,North Western,Puttalam
#CR0001,domestic,Sri Lanka,Kalladiya,C,Copy of courier (1).xlsx,North Western,Puttalam
#CR0001,domestic,Sri Lanka,Kalpitiya,C,Copy of courier (1).xlsx,North Western,Puttalam
#CR0001,domestic,Sri Lanka,Kandakuliya,C,Copy of courier (1).xlsx,North Western,Puttalam
#CR0001,domestic,Sri Lanka,Karativponparappi,C,Copy of courier (1).xlsx,North Western,Puttalam
#CR0001,domestic,Sri Lanka,Karawitagara,C,Copy of courier (1).xlsx,North Western,Puttalam
#CR0001,domestic,Sri Lanka,Karuwalagaswewa,C,Copy of courier (1).xlsx,North Western,Puttalam
#CR0001,domestic,Sri Lanka,Katuneriya,C,Copy of courier (1).xlsx,North Western,Puttalam
#CR0001,domestic,Sri Lanka,Kirimundalama,C,Copy of courier (1).xlsx,North Western,Puttalam
#CR0001,domestic,Sri Lanka,Koswatta,C,Copy of courier (1).xlsx,North Western,Puttalam
#CR0001,domestic,Sri Lanka,Kottantivu,C,Copy of courier (1).xlsx,North Western,Puttalam
#CR0001,domestic,Sri Lanka,Kottukachchiya,C,Copy of courier (1).xlsx,North Western,Puttalam
#CR0001,domestic,Sri Lanka,Kudawewa,C,Copy of courier (1).xlsx,North Western,Puttalam
#CR0001,domestic,Sri Lanka,Kumarakattuwa,C,Copy of courier (1).xlsx,North Western,Puttalam
#CR0001,domestic,Sri Lanka,Kurinjanpitiya,C,Copy of courier (1).xlsx,North Western,Puttalam
#CR0001,domestic,Sri Lanka,Kuruketiyawa,C,Copy of courier (1).xlsx,North Western,Puttalam
#CR0001,domestic,Sri Lanka,Lihiriyagama,C,Copy of courier (1).xlsx,North Western,Puttalam
#CR0001,domestic,Sri Lanka,Lunuwila,C,Copy of courier (1).xlsx,North Western,Puttalam
#CR0001,domestic,Sri Lanka,Madampe,C,Copy of courier (1).xlsx,North Western,Puttalam
#CR0001,domestic,Sri Lanka,Madurankuliya,C,Copy of courier (1).xlsx,North Western,Puttalam
#CR0001,domestic,Sri Lanka,Mahakumbukkadawala,C,Copy of courier (1).xlsx,North Western,Puttalam
#CR0001,domestic,Sri Lanka,Mahauswewa,C,Copy of courier (1).xlsx,North Western,Puttalam
#CR0001,domestic,Sri Lanka,Mahawewa,C,Copy of courier (1).xlsx,North Western,Puttalam
#CR0001,domestic,Sri Lanka,Mampuri,C,Copy of courier (1).xlsx,North Western,Puttalam
#CR0001,domestic,Sri Lanka,Mangalaeliya,C,Copy of courier (1).xlsx,North Western,Puttalam
#CR0001,domestic,Sri Lanka,Marawila,C,Copy of courier (1).xlsx,North Western,Puttalam
#CR0001,domestic,Sri Lanka,Mudalakkuliya,C,Copy of courier (1).xlsx,North Western,Puttalam
#CR0001,domestic,Sri Lanka,Mugunuwatawana,C,Copy of courier (1).xlsx,North Western,Puttalam
#CR0001,domestic,Sri Lanka,Mukkutoduwawa,C,Copy of courier (1).xlsx,North Western,Puttalam
#CR0001,domestic,Sri Lanka,Mundel,C,Copy of courier (1).xlsx,North Western,Puttalam
#CR0001,domestic,Sri Lanka,Muttibendiwila,C,Copy of courier (1).xlsx,North Western,Puttalam
#CR0001,domestic,Sri Lanka,Nainamadama,C,Copy of courier (1).xlsx,North Western,Puttalam
#CR0001,domestic,Sri Lanka,Nalladarankattuwa,C,Copy of courier (1).xlsx,North Western,Puttalam
#CR0001,domestic,Sri Lanka,Nattandiya,C,Copy of courier (1).xlsx,North Western,Puttalam
#CR0001,domestic,Sri Lanka,Nawagattegama,C,Copy of courier (1).xlsx,North Western,Puttalam
#CR0001,domestic,Sri Lanka,Norachcholai,C,Copy of courier (1).xlsx,North Western,Puttalam
#CR0001,domestic,Sri Lanka,Palaviya,C,Copy of courier (1).xlsx,North Western,Puttalam
#CR0001,domestic,Sri Lanka,Pallama,C,Copy of courier (1).xlsx,North Western,Puttalam
#CR0001,domestic,Sri Lanka,Palliwasalturai,C,Copy of courier (1).xlsx,North Western,Puttalam
#CR0001,domestic,Sri Lanka,Panirendawa,C,Copy of courier (1).xlsx,North Western,Puttalam
#CR0001,domestic,Sri Lanka,Pothuwatawana,C,Copy of courier (1).xlsx,North Western,Puttalam
#CR0001,domestic,Sri Lanka,Puttalam,C,Copy of courier (1).xlsx,North Western,Puttalam
#CR0001,domestic,Sri Lanka,Puttalam Cement Factory,C,Copy of courier (1).xlsx,North Western,Puttalam
#CR0001,domestic,Sri Lanka,Rajakadaluwa,C,Copy of courier (1).xlsx,North Western,Puttalam
#CR0001,domestic,Sri Lanka,Saliyawewa Junction,C,Copy of courier (1).xlsx,North Western,Puttalam
#CR0001,domestic,Sri Lanka,Serukele,C,Copy of courier (1).xlsx,North Western,Puttalam
#CR0001,domestic,Sri Lanka,Sirambiadiya,C,Copy of courier (1).xlsx,North Western,Puttalam
#CR0001,domestic,Sri Lanka,Siyambalagashene,C,Copy of courier (1).xlsx,North Western,Puttalam
#CR0001,domestic,Sri Lanka,Tabbowa,C,Copy of courier (1).xlsx,North Western,Puttalam
#CR0001,domestic,Sri Lanka,Talawila Church,C,Copy of courier (1).xlsx,North Western,Puttalam
#CR0001,domestic,Sri Lanka,Toduwawa,C,Copy of courier (1).xlsx,North Western,Puttalam
#CR0001,domestic,Sri Lanka,Udappuwa,C,Copy of courier (1).xlsx,North Western,Puttalam
#CR0001,domestic,Sri Lanka,Uridyawa,C,Copy of courier (1).xlsx,North Western,Puttalam
#CR0001,domestic,Sri Lanka,Vanathawilluwa,C,Copy of courier (1).xlsx,North Western,Puttalam
#CR0001,domestic,Sri Lanka,Waikkal,C,Copy of courier (1).xlsx,North Western,Puttalam
#CR0001,domestic,Sri Lanka,Watugahamulla,C,Copy of courier (1).xlsx,North Western,Puttalam
#CR0001,domestic,Sri Lanka,Wennappuwa,C,Copy of courier (1).xlsx,North Western,Puttalam
#CR0001,domestic,Sri Lanka,Wijeyakatupotha,C,Copy of courier (1).xlsx,North Western,Puttalam
#CR0001,domestic,Sri Lanka,Wilpotha,C,Copy of courier (1).xlsx,North Western,Puttalam
#CR0001,domestic,Sri Lanka,Yogiyana,C,Copy of courier (1).xlsx,North Western,Puttalam
#CR0001,domestic,Sri Lanka,Alawatura,C,Copy of courier (1).xlsx,Sabaragamuwa,Kegalle
#CR0001,domestic,Sri Lanka,Algama,C,Copy of courier (1).xlsx,Sabaragamuwa,Kegalle
#CR0001,domestic,Sri Lanka,Alutnuwara,C,Copy of courier (1).xlsx,Sabaragamuwa,Kegalle
#CR0001,domestic,Sri Lanka,Ambalakanda,C,Copy of courier (1).xlsx,Sabaragamuwa,Kegalle
#CR0001,domestic,Sri Lanka,Ambulugala,C,Copy of courier (1).xlsx,Sabaragamuwa,Kegalle
#CR0001,domestic,Sri Lanka,Amitirigala,C,Copy of courier (1).xlsx,Sabaragamuwa,Kegalle
#CR0001,domestic,Sri Lanka,Ampagala,C,Copy of courier (1).xlsx,Sabaragamuwa,Kegalle
#CR0001,domestic,Sri Lanka,Anhettigama,C,Copy of courier (1).xlsx,Sabaragamuwa,Kegalle
#CR0001,domestic,Sri Lanka,Aranayaka,C,Copy of courier (1).xlsx,Sabaragamuwa,Kegalle
#CR0001,domestic,Sri Lanka,Aruggammana,C,Copy of courier (1).xlsx,Sabaragamuwa,Kegalle
#CR0001,domestic,Sri Lanka,Atale,C,Copy of courier (1).xlsx,Sabaragamuwa,Kegalle
#CR0001,domestic,Sri Lanka,Batuwita,C,Copy of courier (1).xlsx,Sabaragamuwa,Kegalle
#CR0001,domestic,Sri Lanka,Berannawa,C,Copy of courier (1).xlsx,Sabaragamuwa,Kegalle
#CR0001,domestic,Sri Lanka,Boralankada,C,Copy of courier (1).xlsx,Sabaragamuwa,Kegalle
#CR0001,domestic,Sri Lanka,Bossella,C,Copy of courier (1).xlsx,Sabaragamuwa,Kegalle
#CR0001,domestic,Sri Lanka,Bulathkohupitiya,C,Copy of courier (1).xlsx,Sabaragamuwa,Kegalle
#CR0001,domestic,Sri Lanka,Damunupola,C,Copy of courier (1).xlsx,Sabaragamuwa,Kegalle
#CR0001,domestic,Sri Lanka,Debathgama,C,Copy of courier (1).xlsx,Sabaragamuwa,Kegalle
#CR0001,domestic,Sri Lanka,Dedugala,C,Copy of courier (1).xlsx,Sabaragamuwa,Kegalle
#CR0001,domestic,Sri Lanka,Deewala Pallegama,C,Copy of courier (1).xlsx,Sabaragamuwa,Kegalle
#CR0001,domestic,Sri Lanka,Dehiowita,C,Copy of courier (1).xlsx,Sabaragamuwa,Kegalle
#CR0001,domestic,Sri Lanka,Deldeniya,C,Copy of courier (1).xlsx,Sabaragamuwa,Kegalle
#CR0001,domestic,Sri Lanka,Deloluwa,C,Copy of courier (1).xlsx,Sabaragamuwa,Kegalle
#CR0001,domestic,Sri Lanka,Deraniyagala,C,Copy of courier (1).xlsx,Sabaragamuwa,Kegalle
#CR0001,domestic,Sri Lanka,Dewalegama,C,Copy of courier (1).xlsx,Sabaragamuwa,Kegalle
#CR0001,domestic,Sri Lanka,Dewanagala,C,Copy of courier (1).xlsx,Sabaragamuwa,Kegalle
#CR0001,domestic,Sri Lanka,Dombemada,C,Copy of courier (1).xlsx,Sabaragamuwa,Kegalle
#CR0001,domestic,Sri Lanka,Dorawaka,C,Copy of courier (1).xlsx,Sabaragamuwa,Kegalle
#CR0001,domestic,Sri Lanka,Dunumala,C,Copy of courier (1).xlsx,Sabaragamuwa,Kegalle
#CR0001,domestic,Sri Lanka,Galapitamada,C,Copy of courier (1).xlsx,Sabaragamuwa,Kegalle
#CR0001,domestic,Sri Lanka,Galatara,C,Copy of courier (1).xlsx,Sabaragamuwa,Kegalle
#CR0001,domestic,Sri Lanka,Galigamuwa Town,C,Copy of courier (1).xlsx,Sabaragamuwa,Kegalle
#CR0001,domestic,Sri Lanka,Gantuna,C,Copy of courier (1).xlsx,Sabaragamuwa,Kegalle
#CR0001,domestic,Sri Lanka,Gonagala,C,Copy of courier (1).xlsx,Sabaragamuwa,Kegalle
#CR0001,domestic,Sri Lanka,Hakahinna,C,Copy of courier (1).xlsx,Sabaragamuwa,Kegalle
#CR0001,domestic,Sri Lanka,Hakbellawaka,C,Copy of courier (1).xlsx,Sabaragamuwa,Kegalle
#CR0001,domestic,Sri Lanka,Helamada,C,Copy of courier (1).xlsx,Sabaragamuwa,Kegalle
#CR0001,domestic,Sri Lanka,Hemmatagama,C,Copy of courier (1).xlsx,Sabaragamuwa,Kegalle
#CR0001,domestic,Sri Lanka,Hettimulla,C,Copy of courier (1).xlsx,Sabaragamuwa,Kegalle
#CR0001,domestic,Sri Lanka,Hewadiwela,C,Copy of courier (1).xlsx,Sabaragamuwa,Kegalle
#CR0001,domestic,Sri Lanka,Hingula,C,Copy of courier (1).xlsx,Sabaragamuwa,Kegalle
#CR0001,domestic,Sri Lanka,Hinguralakanda,C,Copy of courier (1).xlsx,Sabaragamuwa,Kegalle
#CR0001,domestic,Sri Lanka,Hiriwadunna,C,Copy of courier (1).xlsx,Sabaragamuwa,Kegalle
#CR0001,domestic,Sri Lanka,Imbulana,C,Copy of courier (1).xlsx,Sabaragamuwa,Kegalle
#CR0001,domestic,Sri Lanka,Imbulgasdeniya,C,Copy of courier (1).xlsx,Sabaragamuwa,Kegalle
#CR0001,domestic,Sri Lanka,Kabagamuwa,C,Copy of courier (1).xlsx,Sabaragamuwa,Kegalle
#CR0001,domestic,Sri Lanka,Kannattota,C,Copy of courier (1).xlsx,Sabaragamuwa,Kegalle
#CR0001,domestic,Sri Lanka,Kegalle,C,Copy of courier (1).xlsx,Sabaragamuwa,Kegalle
#CR0001,domestic,Sri Lanka,Kehelpannala,C,Copy of courier (1).xlsx,Sabaragamuwa,Kegalle
#CR0001,domestic,Sri Lanka,Kitulgala,C,Copy of courier (1).xlsx,Sabaragamuwa,Kegalle
#CR0001,domestic,Sri Lanka,Kondeniya,C,Copy of courier (1).xlsx,Sabaragamuwa,Kegalle
#CR0001,domestic,Sri Lanka,Kotiyakumbura,C,Copy of courier (1).xlsx,Sabaragamuwa,Kegalle
#CR0001,domestic,Sri Lanka,Lewangama,C,Copy of courier (1).xlsx,Sabaragamuwa,Kegalle
#CR0001,domestic,Sri Lanka,Mahabage,C,Copy of courier (1).xlsx,Sabaragamuwa,Kegalle
#CR0001,domestic,Sri Lanka,Mahapallegama,C,Copy of courier (1).xlsx,Sabaragamuwa,Kegalle
#CR0001,domestic,Sri Lanka,Maharangalla,C,Copy of courier (1).xlsx,Sabaragamuwa,Kegalle
#CR0001,domestic,Sri Lanka,Makehelwala,C,Copy of courier (1).xlsx,Sabaragamuwa,Kegalle
#CR0001,domestic,Sri Lanka,Malalpola,C,Copy of courier (1).xlsx,Sabaragamuwa,Kegalle
#CR0001,domestic,Sri Lanka,Maliboda,C,Copy of courier (1).xlsx,Sabaragamuwa,Kegalle
#CR0001,domestic,Sri Lanka,Malmaduwa,C,Copy of courier (1).xlsx,Sabaragamuwa,Kegalle
#CR0001,domestic,Sri Lanka,Mawanella,C,Copy of courier (1).xlsx,Sabaragamuwa,Kegalle
#CR0001,domestic,Sri Lanka,Migastenna Sabara,C,Copy of courier (1).xlsx,Sabaragamuwa,Kegalle
#CR0001,domestic,Sri Lanka,Miyanawita,C,Copy of courier (1).xlsx,Sabaragamuwa,Kegalle
#CR0001,domestic,Sri Lanka,Molagoda,C,Copy of courier (1).xlsx,Sabaragamuwa,Kegalle
#CR0001,domestic,Sri Lanka,Morontota,C,Copy of courier (1).xlsx,Sabaragamuwa,Kegalle
#CR0001,domestic,Sri Lanka,Nelundeniya,C,Copy of courier (1).xlsx,Sabaragamuwa,Kegalle
#CR0001,domestic,Sri Lanka,Niyadurupola,C,Copy of courier (1).xlsx,Sabaragamuwa,Kegalle
#CR0001,domestic,Sri Lanka,Noori,C,Copy of courier (1).xlsx,Sabaragamuwa,Kegalle
#CR0001,domestic,Sri Lanka,Parape,C,Copy of courier (1).xlsx,Sabaragamuwa,Kegalle
#CR0001,domestic,Sri Lanka,Pattampitiya,C,Copy of courier (1).xlsx,Sabaragamuwa,Kegalle
#CR0001,domestic,Sri Lanka,Pitagaldeniya,C,Copy of courier (1).xlsx,Sabaragamuwa,Kegalle
#CR0001,domestic,Sri Lanka,Pothukoladeniya,C,Copy of courier (1).xlsx,Sabaragamuwa,Kegalle
#CR0001,domestic,Sri Lanka,Rambukkana,C,Copy of courier (1).xlsx,Sabaragamuwa,Kegalle
#CR0001,domestic,Sri Lanka,Ruwanwella,C,Copy of courier (1).xlsx,Sabaragamuwa,Kegalle
#CR0001,domestic,Sri Lanka,Seaforth Colony,C,Copy of courier (1).xlsx,Sabaragamuwa,Kegalle
#CR0001,domestic,Sri Lanka,Talgaspitiya,C,Copy of courier (1).xlsx,Sabaragamuwa,Kegalle
#CR0001,domestic,Sri Lanka,Teligama,C,Copy of courier (1).xlsx,Sabaragamuwa,Kegalle
#CR0001,domestic,Sri Lanka,Tholangamuwa,C,Copy of courier (1).xlsx,Sabaragamuwa,Kegalle
#CR0001,domestic,Sri Lanka,Thotawella,C,Copy of courier (1).xlsx,Sabaragamuwa,Kegalle
#CR0001,domestic,Sri Lanka,Tulhiriya,C,Copy of courier (1).xlsx,Sabaragamuwa,Kegalle
#CR0001,domestic,Sri Lanka,Tuntota,C,Copy of courier (1).xlsx,Sabaragamuwa,Kegalle
#CR0001,domestic,Sri Lanka,Udagaldeniya,C,Copy of courier (1).xlsx,Sabaragamuwa,Kegalle
#CR0001,domestic,Sri Lanka,Udapotha,C,Copy of courier (1).xlsx,Sabaragamuwa,Kegalle
#CR0001,domestic,Sri Lanka,Udumulla,C,Copy of courier (1).xlsx,Sabaragamuwa,Kegalle
#CR0001,domestic,Sri Lanka,Undugoda,C,Copy of courier (1).xlsx,Sabaragamuwa,Kegalle
#CR0001,domestic,Sri Lanka,Ussapitiya,C,Copy of courier (1).xlsx,Sabaragamuwa,Kegalle
#CR0001,domestic,Sri Lanka,Wahakula,C,Copy of courier (1).xlsx,Sabaragamuwa,Kegalle
#CR0001,domestic,Sri Lanka,Waharaka,C,Copy of courier (1).xlsx,Sabaragamuwa,Kegalle
#CR0001,domestic,Sri Lanka,Warakapola,C,Copy of courier (1).xlsx,Sabaragamuwa,Kegalle
#CR0001,domestic,Sri Lanka,Watura,C,Copy of courier (1).xlsx,Sabaragamuwa,Kegalle
#CR0001,domestic,Sri Lanka,Weeoya,C,Copy of courier (1).xlsx,Sabaragamuwa,Kegalle
#CR0001,domestic,Sri Lanka,Wegalla,C,Copy of courier (1).xlsx,Sabaragamuwa,Kegalle
#CR0001,domestic,Sri Lanka,Welihelatenna,C,Copy of courier (1).xlsx,Sabaragamuwa,Kegalle
#CR0001,domestic,Sri Lanka,Weragala,C,Copy of courier (1).xlsx,Sabaragamuwa,Kegalle
#CR0001,domestic,Sri Lanka,Yatagama,C,Copy of courier (1).xlsx,Sabaragamuwa,Kegalle
#CR0001,domestic,Sri Lanka,Yatapana,C,Copy of courier (1).xlsx,Sabaragamuwa,Kegalle
#CR0001,domestic,Sri Lanka,Yatiyantota,C,Copy of courier (1).xlsx,Sabaragamuwa,Kegalle
#CR0001,domestic,Sri Lanka,Yattogoda,C,Copy of courier (1).xlsx,Sabaragamuwa,Kegalle
#CR0001,domestic,Sri Lanka,Akarella,C,Copy of courier (1).xlsx,Sabaragamuwa,Ratnapura
#CR0001,domestic,Sri Lanka,Atakalanpanna,C,Copy of courier (1).xlsx,Sabaragamuwa,Ratnapura
#CR0001,domestic,Sri Lanka,Ayagama,C,Copy of courier (1).xlsx,Sabaragamuwa,Ratnapura
#CR0001,domestic,Sri Lanka,Balangoda,C,Copy of courier (1).xlsx,Sabaragamuwa,Ratnapura
#CR0001,domestic,Sri Lanka,Batatota,C,Copy of courier (1).xlsx,Sabaragamuwa,Ratnapura
#CR0001,domestic,Sri Lanka,Belihuloya,C,Copy of courier (1).xlsx,Sabaragamuwa,Ratnapura
#CR0001,domestic,Sri Lanka,Bolthumbe,C,Copy of courier (1).xlsx,Sabaragamuwa,Ratnapura
#CR0001,domestic,Sri Lanka,Bomluwageaina,C,Copy of courier (1).xlsx,Sabaragamuwa,Ratnapura
#CR0001,domestic,Sri Lanka,Bulutota,C,Copy of courier (1).xlsx,Sabaragamuwa,Ratnapura
#CR0001,domestic,Sri Lanka,Dambuluwana,C,Copy of courier (1).xlsx,Sabaragamuwa,Ratnapura
#CR0001,domestic,Sri Lanka,Daugala,C,Copy of courier (1).xlsx,Sabaragamuwa,Ratnapura
#CR0001,domestic,Sri Lanka,Dela,C,Copy of courier (1).xlsx,Sabaragamuwa,Ratnapura
#CR0001,domestic,Sri Lanka,Delwala,C,Copy of courier (1).xlsx,Sabaragamuwa,Ratnapura
#CR0001,domestic,Sri Lanka,Demuwatha,C,Copy of courier (1).xlsx,Sabaragamuwa,Ratnapura
#CR0001,domestic,Sri Lanka,Dodampe,C,Copy of courier (1).xlsx,Sabaragamuwa,Ratnapura
#CR0001,domestic,Sri Lanka,Doloswalakanda,C,Copy of courier (1).xlsx,Sabaragamuwa,Ratnapura
#CR0001,domestic,Sri Lanka,Dumbara Manana,C,Copy of courier (1).xlsx,Sabaragamuwa,Ratnapura
#CR0001,domestic,Sri Lanka,Eheliyagoda,C,Copy of courier (1).xlsx,Sabaragamuwa,Ratnapura
#CR0001,domestic,Sri Lanka,Elapatha,C,Copy of courier (1).xlsx,Sabaragamuwa,Ratnapura
#CR0001,domestic,Sri Lanka,Ellagawa,C,Copy of courier (1).xlsx,Sabaragamuwa,Ratnapura
#CR0001,domestic,Sri Lanka,Ellaulla,C,Copy of courier (1).xlsx,Sabaragamuwa,Ratnapura
#CR0001,domestic,Sri Lanka,Ellawala,C,Copy of courier (1).xlsx,Sabaragamuwa,Ratnapura
#CR0001,domestic,Sri Lanka,Embilipitiya,C,Copy of courier (1).xlsx,Sabaragamuwa,Ratnapura
#CR0001,domestic,Sri Lanka,Eratna,C,Copy of courier (1).xlsx,Sabaragamuwa,Ratnapura
#CR0001,domestic,Sri Lanka,Erepola,C,Copy of courier (1).xlsx,Sabaragamuwa,Ratnapura
#CR0001,domestic,Sri Lanka,Gabbela,C,Copy of courier (1).xlsx,Sabaragamuwa,Ratnapura
#CR0001,domestic,Sri Lanka,Gallella,C,Copy of courier (1).xlsx,Sabaragamuwa,Ratnapura
#CR0001,domestic,Sri Lanka,Gangeyaya,C,Copy of courier (1).xlsx,Sabaragamuwa,Ratnapura
#CR0001,domestic,Sri Lanka,Gawaragiriya,C,Copy of courier (1).xlsx,Sabaragamuwa,Ratnapura
#CR0001,domestic,Sri Lanka,Getahetta,C,Copy of courier (1).xlsx,Sabaragamuwa,Ratnapura
#CR0001,domestic,Sri Lanka,Gillimale,C,Copy of courier (1).xlsx,Sabaragamuwa,Ratnapura
#CR0001,domestic,Sri Lanka,Godagampola,C,Copy of courier (1).xlsx,Sabaragamuwa,Ratnapura
#CR0001,domestic,Sri Lanka,Godakawela,C,Copy of courier (1).xlsx,Sabaragamuwa,Ratnapura
#CR0001,domestic,Sri Lanka,Gurubewilagama,C,Copy of courier (1).xlsx,Sabaragamuwa,Ratnapura
#CR0001,domestic,Sri Lanka,Halpe,C,Copy of courier (1).xlsx,Sabaragamuwa,Ratnapura
#CR0001,domestic,Sri Lanka,Halwinna,C,Copy of courier (1).xlsx,Sabaragamuwa,Ratnapura
#CR0001,domestic,Sri Lanka,Handagiriya,C,Copy of courier (1).xlsx,Sabaragamuwa,Ratnapura
#CR0001,domestic,Sri Lanka,Hapugastenna,C,Copy of courier (1).xlsx,Sabaragamuwa,Ratnapura
#CR0001,domestic,Sri Lanka,Hatangala,C,Copy of courier (1).xlsx,Sabaragamuwa,Ratnapura
#CR0001,domestic,Sri Lanka,Hatarabage,C,Copy of courier (1).xlsx,Sabaragamuwa,Ratnapura
#CR0001,domestic,Sri Lanka,Hidellana,C,Copy of courier (1).xlsx,Sabaragamuwa,Ratnapura
#CR0001,domestic,Sri Lanka,Hiramadagama,C,Copy of courier (1).xlsx,Sabaragamuwa,Ratnapura
#CR0001,domestic,Sri Lanka,Ihalagama,C,Copy of courier (1).xlsx,Sabaragamuwa,Ratnapura
#CR0001,domestic,Sri Lanka,Ittakanda,C,Copy of courier (1).xlsx,Sabaragamuwa,Ratnapura
#CR0001,domestic,Sri Lanka,Kahangama,C,Copy of courier (1).xlsx,Sabaragamuwa,Ratnapura
#CR0001,domestic,Sri Lanka,Kahawatta,C,Copy of courier (1).xlsx,Sabaragamuwa,Ratnapura
#CR0001,domestic,Sri Lanka,Kalawana,C,Copy of courier (1).xlsx,Sabaragamuwa,Ratnapura
#CR0001,domestic,Sri Lanka,Kaltota,C,Copy of courier (1).xlsx,Sabaragamuwa,Ratnapura
#CR0001,domestic,Sri Lanka,Karandana,C,Copy of courier (1).xlsx,Sabaragamuwa,Ratnapura
#CR0001,domestic,Sri Lanka,Karangoda,C,Copy of courier (1).xlsx,Sabaragamuwa,Ratnapura
#CR0001,domestic,Sri Lanka,Kella Junction,C,Copy of courier (1).xlsx,Sabaragamuwa,Ratnapura
#CR0001,domestic,Sri Lanka,Kiriella,C,Copy of courier (1).xlsx,Sabaragamuwa,Ratnapura
#CR0001,domestic,Sri Lanka,Kolambageara,C,Copy of courier (1).xlsx,Sabaragamuwa,Ratnapura
#CR0001,domestic,Sri Lanka,Kolombugama,C,Copy of courier (1).xlsx,Sabaragamuwa,Ratnapura
#CR0001,domestic,Sri Lanka,Kolonna,C,Copy of courier (1).xlsx,Sabaragamuwa,Ratnapura
#CR0001,domestic,Sri Lanka,Kudawa,C,Copy of courier (1).xlsx,Sabaragamuwa,Ratnapura
#CR0001,domestic,Sri Lanka,Kuruwita,C,Copy of courier (1).xlsx,Sabaragamuwa,Ratnapura
#CR0001,domestic,Sri Lanka,Lellopitiya,C,Copy of courier (1).xlsx,Sabaragamuwa,Ratnapura
#CR0001,domestic,Sri Lanka,lmbulpe,C,Copy of courier (1).xlsx,Sabaragamuwa,Ratnapura
#CR0001,domestic,Sri Lanka,Madalagama,C,Copy of courier (1).xlsx,Sabaragamuwa,Ratnapura
#CR0001,domestic,Sri Lanka,Mahawalatenna,C,Copy of courier (1).xlsx,Sabaragamuwa,Ratnapura
#CR0001,domestic,Sri Lanka,Makandura Sabara,C,Copy of courier (1).xlsx,Sabaragamuwa,Ratnapura
#CR0001,domestic,Sri Lanka,Malwala Junction,C,Copy of courier (1).xlsx,Sabaragamuwa,Ratnapura
#CR0001,domestic,Sri Lanka,Marapana,C,Copy of courier (1).xlsx,Sabaragamuwa,Ratnapura
#CR0001,domestic,Sri Lanka,Matuwagalagama,C,Copy of courier (1).xlsx,Sabaragamuwa,Ratnapura
#CR0001,domestic,Sri Lanka,Medagalatur,C,Copy of courier (1).xlsx,Sabaragamuwa,Ratnapura
#CR0001,domestic,Sri Lanka,Meddekanda,C,Copy of courier (1).xlsx,Sabaragamuwa,Ratnapura
#CR0001,domestic,Sri Lanka,Minipura Dumbara,C,Copy of courier (1).xlsx,Sabaragamuwa,Ratnapura
#CR0001,domestic,Sri Lanka,Mitipola,C,Copy of courier (1).xlsx,Sabaragamuwa,Ratnapura
#CR0001,domestic,Sri Lanka,Morahela,C,Copy of courier (1).xlsx,Sabaragamuwa,Ratnapura
#CR0001,domestic,Sri Lanka,Mulendiyawala,C,Copy of courier (1).xlsx,Sabaragamuwa,Ratnapura
#CR0001,domestic,Sri Lanka,Mulgama,C,Copy of courier (1).xlsx,Sabaragamuwa,Ratnapura
#CR0001,domestic,Sri Lanka,Nawalakanda,C,Copy of courier (1).xlsx,Sabaragamuwa,Ratnapura
#CR0001,domestic,Sri Lanka,NawinnaPinnakanda,C,Copy of courier (1).xlsx,Sabaragamuwa,Ratnapura
#CR0001,domestic,Sri Lanka,Niralagama,C,Copy of courier (1).xlsx,Sabaragamuwa,Ratnapura
#CR0001,domestic,Sri Lanka,Nivitigala,C,Copy of courier (1).xlsx,Sabaragamuwa,Ratnapura
#CR0001,domestic,Sri Lanka,Omalpe,C,Copy of courier (1).xlsx,Sabaragamuwa,Ratnapura
#CR0001,domestic,Sri Lanka,Opanayaka,C,Copy of courier (1).xlsx,Sabaragamuwa,Ratnapura
#CR0001,domestic,Sri Lanka,Padalangala,C,Copy of courier (1).xlsx,Sabaragamuwa,Ratnapura
#CR0001,domestic,Sri Lanka,Pallebedda,C,Copy of courier (1).xlsx,Sabaragamuwa,Ratnapura
#CR0001,domestic,Sri Lanka,Pambagolla,C,Copy of courier (1).xlsx,Sabaragamuwa,Ratnapura
#CR0001,domestic,Sri Lanka,Panamura,C,Copy of courier (1).xlsx,Sabaragamuwa,Ratnapura
#CR0001,domestic,Sri Lanka,Panapitiya,C,Copy of courier (1).xlsx,Sabaragamuwa,Ratnapura
#CR0001,domestic,Sri Lanka,Panapola,C,Copy of courier (1).xlsx,Sabaragamuwa,Ratnapura
#CR0001,domestic,Sri Lanka,Panawala,C,Copy of courier (1).xlsx,Sabaragamuwa,Ratnapura
#CR0001,domestic,Sri Lanka,Parakaduwa,C,Copy of courier (1).xlsx,Sabaragamuwa,Ratnapura
#CR0001,domestic,Sri Lanka,Pebotuwa,C,Copy of courier (1).xlsx,Sabaragamuwa,Ratnapura
#CR0001,domestic,Sri Lanka,Pelmadulla,C,Copy of courier (1).xlsx,Sabaragamuwa,Ratnapura
#CR0001,domestic,Sri Lanka,Pimbura,C,Copy of courier (1).xlsx,Sabaragamuwa,Ratnapura
#CR0001,domestic,Sri Lanka,Pinnawala,C,Copy of courier (1).xlsx,Sabaragamuwa,Ratnapura
#CR0001,domestic,Sri Lanka,Pothupitiya,C,Copy of courier (1).xlsx,Sabaragamuwa,Ratnapura
#CR0001,domestic,Sri Lanka,Rajawaka,C,Copy of courier (1).xlsx,Sabaragamuwa,Ratnapura
#CR0001,domestic,Sri Lanka,Rakwana,C,Copy of courier (1).xlsx,Sabaragamuwa,Ratnapura
#CR0001,domestic,Sri Lanka,Ranwala,C,Copy of courier (1).xlsx,Sabaragamuwa,Ratnapura
#CR0001,domestic,Sri Lanka,Rassagala,C,Copy of courier (1).xlsx,Sabaragamuwa,Ratnapura
#CR0001,domestic,Sri Lanka,Ratna Hangamuwa,C,Copy of courier (1).xlsx,Sabaragamuwa,Ratnapura
#CR0001,domestic,Sri Lanka,Ratnapura,C,Copy of courier (1).xlsx,Sabaragamuwa,Ratnapura
#CR0001,domestic,Sri Lanka,Samanalawewa,C,Copy of courier (1).xlsx,Sabaragamuwa,Ratnapura
#CR0001,domestic,Sri Lanka,Sri Palabaddala,C,Copy of courier (1).xlsx,Sabaragamuwa,Ratnapura
#CR0001,domestic,Sri Lanka,Sudagala,C,Copy of courier (1).xlsx,Sabaragamuwa,Ratnapura
#CR0001,domestic,Sri Lanka,Talakolahinna,C,Copy of courier (1).xlsx,Sabaragamuwa,Ratnapura
#CR0001,domestic,Sri Lanka,Tanjantenna,C,Copy of courier (1).xlsx,Sabaragamuwa,Ratnapura
#CR0001,domestic,Sri Lanka,Teppanawa,C,Copy of courier (1).xlsx,Sabaragamuwa,Ratnapura
#CR0001,domestic,Sri Lanka,Tunkama,C,Copy of courier (1).xlsx,Sabaragamuwa,Ratnapura
#CR0001,domestic,Sri Lanka,Udaha Hawupe,C,Copy of courier (1).xlsx,Sabaragamuwa,Ratnapura
#CR0001,domestic,Sri Lanka,Udakarawita,C,Copy of courier (1).xlsx,Sabaragamuwa,Ratnapura
#CR0001,domestic,Sri Lanka,Udaniriella,C,Copy of courier (1).xlsx,Sabaragamuwa,Ratnapura
#CR0001,domestic,Sri Lanka,Udawalawe,C,Copy of courier (1).xlsx,Sabaragamuwa,Ratnapura
#CR0001,domestic,Sri Lanka,Ullinduwawa,C,Copy of courier (1).xlsx,Sabaragamuwa,Ratnapura
#CR0001,domestic,Sri Lanka,Veddagala,C,Copy of courier (1).xlsx,Sabaragamuwa,Ratnapura
#CR0001,domestic,Sri Lanka,Vijeriya,C,Copy of courier (1).xlsx,Sabaragamuwa,Ratnapura
#CR0001,domestic,Sri Lanka,Waleboda,C,Copy of courier (1).xlsx,Sabaragamuwa,Ratnapura
#CR0001,domestic,Sri Lanka,Watapotha,C,Copy of courier (1).xlsx,Sabaragamuwa,Ratnapura
#CR0001,domestic,Sri Lanka,Waturawa,C,Copy of courier (1).xlsx,Sabaragamuwa,Ratnapura
#CR0001,domestic,Sri Lanka,Weligepola,C,Copy of courier (1).xlsx,Sabaragamuwa,Ratnapura
#CR0001,domestic,Sri Lanka,Welipathayaya,C,Copy of courier (1).xlsx,Sabaragamuwa,Ratnapura
#CR0001,domestic,Sri Lanka,Wewelwatta,C,Copy of courier (1).xlsx,Sabaragamuwa,Ratnapura
#CR0001,domestic,Sri Lanka,Wikiliya,C,Copy of courier (1).xlsx,Sabaragamuwa,Ratnapura
#CR0001,domestic,Sri Lanka,Agaliya,C,Copy of courier (1).xlsx,Southern,Galle
#CR0001,domestic,Sri Lanka,Ahangama,C,Copy of courier (1).xlsx,Southern,Galle
#CR0001,domestic,Sri Lanka,Ahungalla,C,Copy of courier (1).xlsx,Southern,Galle
#CR0001,domestic,Sri Lanka,Akmeemana,C,Copy of courier (1).xlsx,Southern,Galle
#CR0001,domestic,Sri Lanka,Aluthwala,C,Copy of courier (1).xlsx,Southern,Galle
#CR0001,domestic,Sri Lanka,Ambalangoda,C,Copy of courier (1).xlsx,Southern,Galle
#CR0001,domestic,Sri Lanka,Ampegama,C,Copy of courier (1).xlsx,Southern,Galle
#CR0001,domestic,Sri Lanka,Amugoda,C,Copy of courier (1).xlsx,Southern,Galle
#CR0001,domestic,Sri Lanka,Anangoda,C,Copy of courier (1).xlsx,Southern,Galle
#CR0001,domestic,Sri Lanka,Angulugaha,C,Copy of courier (1).xlsx,Southern,Galle
#CR0001,domestic,Sri Lanka,Ankokkawala,C,Copy of courier (1).xlsx,Southern,Galle
#CR0001,domestic,Sri Lanka,Baddegama,C,Copy of courier (1).xlsx,Southern,Galle
#CR0001,domestic,Sri Lanka,Balapitiya,C,Copy of courier (1).xlsx,Southern,Galle
#CR0001,domestic,Sri Lanka,Banagala,C,Copy of courier (1).xlsx,Southern,Galle
#CR0001,domestic,Sri Lanka,Batapola,C,Copy of courier (1).xlsx,Southern,Galle
#CR0001,domestic,Sri Lanka,Bentota,C,Copy of courier (1).xlsx,Southern,Galle
#CR0001,domestic,Sri Lanka,Boossa,C,Copy of courier (1).xlsx,Southern,Galle
#CR0001,domestic,Sri Lanka,Dikkumbura,C,Copy of courier (1).xlsx,Southern,Galle
#CR0001,domestic,Sri Lanka,Dodanduwa,C,Copy of courier (1).xlsx,Southern,Galle
#CR0001,domestic,Sri Lanka,Ella Tanabaddegama,C,Copy of courier (1).xlsx,Southern,Galle
#CR0001,domestic,Sri Lanka,Elpitiya,C,Copy of courier (1).xlsx,Southern,Galle
#CR0001,domestic,Sri Lanka,Ethkandura,C,Copy of courier (1).xlsx,Southern,Galle
#CR0001,domestic,Sri Lanka,Galle,C,Copy of courier (1).xlsx,Southern,Galle
#CR0001,domestic,Sri Lanka,Ganegoda,C,Copy of courier (1).xlsx,Southern,Galle
#CR0001,domestic,Sri Lanka,Ginimellagaha,C,Copy of courier (1).xlsx,Southern,Galle
#CR0001,domestic,Sri Lanka,Gintota,C,Copy of courier (1).xlsx,Southern,Galle
#CR0001,domestic,Sri Lanka,Godahena,C,Copy of courier (1).xlsx,Southern,Galle
#CR0001,domestic,Sri Lanka,Gonagalpura,C,Copy of courier (1).xlsx,Southern,Galle
#CR0001,domestic,Sri Lanka,Gonamulla Junction,C,Copy of courier (1).xlsx,Southern,Galle
#CR0001,domestic,Sri Lanka,Gonapinuwala,C,Copy of courier (1).xlsx,Southern,Galle
#CR0001,domestic,Sri Lanka,Habaraduwa,C,Copy of courier (1).xlsx,Southern,Galle
#CR0001,domestic,Sri Lanka,Haburugala,C,Copy of courier (1).xlsx,Southern,Galle
#CR0001,domestic,Sri Lanka,Halvitigala Colony,C,Copy of courier (1).xlsx,Southern,Galle
#CR0001,domestic,Sri Lanka,Hawpe,C,Copy of courier (1).xlsx,Southern,Galle
#CR0001,domestic,Sri Lanka,Hikkaduwa,C,Copy of courier (1).xlsx,Southern,Galle
#CR0001,domestic,Sri Lanka,Hiniduma,C,Copy of courier (1).xlsx,Southern,Galle
#CR0001,domestic,Sri Lanka,Hiyare,C,Copy of courier (1).xlsx,Southern,Galle
#CR0001,domestic,Sri Lanka,Ihala Walpola,C,Copy of courier (1).xlsx,Southern,Galle
#CR0001,domestic,Sri Lanka,Kahaduwa,C,Copy of courier (1).xlsx,Southern,Galle
#CR0001,domestic,Sri Lanka,Kahawa,C,Copy of courier (1).xlsx,Southern,Galle
#CR0001,domestic,Sri Lanka,Kananke Bazaar,C,Copy of courier (1).xlsx,Southern,Galle
#CR0001,domestic,Sri Lanka,Karagoda,C,Copy of courier (1).xlsx,Southern,Galle
#CR0001,domestic,Sri Lanka,Karandeniya,C,Copy of courier (1).xlsx,Southern,Galle
#CR0001,domestic,Sri Lanka,Kosgoda,C,Copy of courier (1).xlsx,Southern,Galle
#CR0001,domestic,Sri Lanka,Kottawagama,C,Copy of courier (1).xlsx,Southern,Galle
#CR0001,domestic,Sri Lanka,Kuleegoda,C,Copy of courier (1).xlsx,Southern,Galle
#CR0001,domestic,Sri Lanka,lhalahewessa,C,Copy of courier (1).xlsx,Southern,Galle
#CR0001,domestic,Sri Lanka,lmaduwa,C,Copy of courier (1).xlsx,Southern,Galle
#CR0001,domestic,Sri Lanka,lnduruwa,C,Copy of courier (1).xlsx,Southern,Galle
#CR0001,domestic,Sri Lanka,Magedara,C,Copy of courier (1).xlsx,Southern,Galle
#CR0001,domestic,Sri Lanka,Malgalla Talangalla,C,Copy of courier (1).xlsx,Southern,Galle
#CR0001,domestic,Sri Lanka,Mapalagama,C,Copy of courier (1).xlsx,Southern,Galle
#CR0001,domestic,Sri Lanka,Mapalagama Central,C,Copy of courier (1).xlsx,Southern,Galle
#CR0001,domestic,Sri Lanka,Mattaka,C,Copy of courier (1).xlsx,Southern,Galle
#CR0001,domestic,Sri Lanka,Meda-Keembiya,C,Copy of courier (1).xlsx,Southern,Galle
#CR0001,domestic,Sri Lanka,Meetiyagoda,C,Copy of courier (1).xlsx,Southern,Galle
#CR0001,domestic,Sri Lanka,Miriswatta,C,Copy of courier (1).xlsx,Southern,Galle
#CR0001,domestic,Sri Lanka,Nagoda,C,Copy of courier (1).xlsx,Southern,Galle
#CR0001,domestic,Sri Lanka,Nakiyadeniya,C,Copy of courier (1).xlsx,Southern,Galle
#CR0001,domestic,Sri Lanka,Nawadagala,C,Copy of courier (1).xlsx,Southern,Galle
#CR0001,domestic,Sri Lanka,Neluwa,C,Copy of courier (1).xlsx,Southern,Galle
#CR0001,domestic,Sri Lanka,Nindana,C,Copy of courier (1).xlsx,Southern,Galle
#CR0001,domestic,Sri Lanka,Opatha,C,Copy of courier (1).xlsx,Southern,Galle
#CR0001,domestic,Sri Lanka,Panangala,C,Copy of courier (1).xlsx,Southern,Galle
#CR0001,domestic,Sri Lanka,Pannimulla Panagoda,C,Copy of courier (1).xlsx,Southern,Galle
#CR0001,domestic,Sri Lanka,Parana ThanaYamgoda,C,Copy of courier (1).xlsx,Southern,Galle
#CR0001,domestic,Sri Lanka,Pitigala,C,Copy of courier (1).xlsx,Southern,Galle
#CR0001,domestic,Sri Lanka,Poddala,C,Copy of courier (1).xlsx,Southern,Galle
#CR0001,domestic,Sri Lanka,Porawagama,C,Copy of courier (1).xlsx,Southern,Galle
#CR0001,domestic,Sri Lanka,Rantotuwila,C,Copy of courier (1).xlsx,Southern,Galle
#CR0001,domestic,Sri Lanka,Ratgama,C,Copy of courier (1).xlsx,Southern,Galle
#CR0001,domestic,Sri Lanka,Talagampola,C,Copy of courier (1).xlsx,Southern,Galle
#CR0001,domestic,Sri Lanka,Talgaspe,C,Copy of courier (1).xlsx,Southern,Galle
#CR0001,domestic,Sri Lanka,Talgaswela,C,Copy of courier (1).xlsx,Southern,Galle
#CR0001,domestic,Sri Lanka,Talpe,C,Copy of courier (1).xlsx,Southern,Galle
#CR0001,domestic,Sri Lanka,Tawalama,C,Copy of courier (1).xlsx,Southern,Galle
#CR0001,domestic,Sri Lanka,Tiranagama,C,Copy of courier (1).xlsx,Southern,Galle
#CR0001,domestic,Sri Lanka,Udalamatta,C,Copy of courier (1).xlsx,Southern,Galle
#CR0001,domestic,Sri Lanka,Udugama,C,Copy of courier (1).xlsx,Southern,Galle
#CR0001,domestic,Sri Lanka,Uluvitike,C,Copy of courier (1).xlsx,Southern,Galle
#CR0001,domestic,Sri Lanka,Unawatuna,C,Copy of courier (1).xlsx,Southern,Galle
#CR0001,domestic,Sri Lanka,Unenwitiya,C,Copy of courier (1).xlsx,Southern,Galle
#CR0001,domestic,Sri Lanka,Uragaha,C,Copy of courier (1).xlsx,Southern,Galle
#CR0001,domestic,Sri Lanka,Uragasmanhandiya,C,Copy of courier (1).xlsx,Southern,Galle
#CR0001,domestic,Sri Lanka,Wakwella,C,Copy of courier (1).xlsx,Southern,Galle
#CR0001,domestic,Sri Lanka,Walahanduwa,C,Copy of courier (1).xlsx,Southern,Galle
#CR0001,domestic,Sri Lanka,Wanchawela,C,Copy of courier (1).xlsx,Southern,Galle
#CR0001,domestic,Sri Lanka,Wanduramba,C,Copy of courier (1).xlsx,Southern,Galle
#CR0001,domestic,Sri Lanka,Warukandeniya,C,Copy of courier (1).xlsx,Southern,Galle
#CR0001,domestic,Sri Lanka,Watugedara,C,Copy of courier (1).xlsx,Southern,Galle
#CR0001,domestic,Sri Lanka,Weihena,C,Copy of courier (1).xlsx,Southern,Galle
#CR0001,domestic,Sri Lanka,Yakkalamulla,C,Copy of courier (1).xlsx,Southern,Galle
#CR0001,domestic,Sri Lanka,Yatalamatta,C,Copy of courier (1).xlsx,Southern,Galle
#CR0001,domestic,Sri Lanka,Ambalantota,C,Copy of courier (1).xlsx,Southern,Hambantota
#CR0001,domestic,Sri Lanka,Angunakolapelessa,C,Copy of courier (1).xlsx,Southern,Hambantota
#CR0001,domestic,Sri Lanka,Bandagiriya Colony,C,Copy of courier (1).xlsx,Southern,Hambantota
#CR0001,domestic,Sri Lanka,Barawakumbuka,C,Copy of courier (1).xlsx,Southern,Hambantota
#CR0001,domestic,Sri Lanka,Beliatta,C,Copy of courier (1).xlsx,Southern,Hambantota
#CR0001,domestic,Sri Lanka,Beragama,C,Copy of courier (1).xlsx,Southern,Hambantota
#CR0001,domestic,Sri Lanka,Beralihela,C,Copy of courier (1).xlsx,Southern,Hambantota
#CR0001,domestic,Sri Lanka,Bowalagama,C,Copy of courier (1).xlsx,Southern,Hambantota
#CR0001,domestic,Sri Lanka,Bundala,C,Copy of courier (1).xlsx,Southern,Hambantota
#CR0001,domestic,Sri Lanka,Ellagala,C,Copy of courier (1).xlsx,Southern,Hambantota
#CR0001,domestic,Sri Lanka,Gangulandeniya,C,Copy of courier (1).xlsx,Southern,Hambantota
#CR0001,domestic,Sri Lanka,Getamanna,C,Copy of courier (1).xlsx,Southern,Hambantota
#CR0001,domestic,Sri Lanka,Goda Koggalla,C,Copy of courier (1).xlsx,Southern,Hambantota
#CR0001,domestic,Sri Lanka,Gonagamuwa Uduwila,C,Copy of courier (1).xlsx,Southern,Hambantota
#CR0001,domestic,Sri Lanka,Gonnoruwa,C,Copy of courier (1).xlsx,Southern,Hambantota
#CR0001,domestic,Sri Lanka,Hakuruwela,C,Copy of courier (1).xlsx,Southern,Hambantota
#CR0001,domestic,Sri Lanka,Hambantota,C,Copy of courier (1).xlsx,Southern,Hambantota
#CR0001,domestic,Sri Lanka,Horewelagoda,C,Copy of courier (1).xlsx,Southern,Hambantota
#CR0001,domestic,Sri Lanka,Hungama,C,Copy of courier (1).xlsx,Southern,Hambantota
#CR0001,domestic,Sri Lanka,Ihala Beligalla,C,Copy of courier (1).xlsx,Southern,Hambantota
#CR0001,domestic,Sri Lanka,Ittademaliya,C,Copy of courier (1).xlsx,Southern,Hambantota
#CR0001,domestic,Sri Lanka,Julampitiya,C,Copy of courier (1).xlsx,Southern,Hambantota
#CR0001,domestic,Sri Lanka,Kahandamodara,C,Copy of courier (1).xlsx,Southern,Hambantota
#CR0001,domestic,Sri Lanka,Kariyamaditta,C,Copy of courier (1).xlsx,Southern,Hambantota
#CR0001,domestic,Sri Lanka,Katuwana,C,Copy of courier (1).xlsx,Southern,Hambantota
#CR0001,domestic,Sri Lanka,Kawantissapura,C,Copy of courier (1).xlsx,Southern,Hambantota
#CR0001,domestic,Sri Lanka,Kirama,C,Copy of courier (1).xlsx,Southern,Hambantota
#CR0001,domestic,Sri Lanka,Kirinda,C,Copy of courier (1).xlsx,Southern,Hambantota
#CR0001,domestic,Sri Lanka,Lunama,C,Copy of courier (1).xlsx,Southern,Hambantota
#CR0001,domestic,Sri Lanka,Lunugamwehera,C,Copy of courier (1).xlsx,Southern,Hambantota
#CR0001,domestic,Sri Lanka,Magama,C,Copy of courier (1).xlsx,Southern,Hambantota
#CR0001,domestic,Sri Lanka,Mahagalwewa,C,Copy of courier (1).xlsx,Southern,Hambantota
#CR0001,domestic,Sri Lanka,Mamadala,C,Copy of courier (1).xlsx,Southern,Hambantota
#CR0001,domestic,Sri Lanka,Medamulana,C,Copy of courier (1).xlsx,Southern,Hambantota
#CR0001,domestic,Sri Lanka,Middeniya,C,Copy of courier (1).xlsx,Southern,Hambantota
#CR0001,domestic,Sri Lanka,Migahajandur,C,Copy of courier (1).xlsx,Southern,Hambantota
#CR0001,domestic,Sri Lanka,Modarawana,C,Copy of courier (1).xlsx,Southern,Hambantota
#CR0001,domestic,Sri Lanka,Mulkirigala,C,Copy of courier (1).xlsx,Southern,Hambantota
#CR0001,domestic,Sri Lanka,Nakulugamuwa,C,Copy of courier (1).xlsx,Southern,Hambantota
#CR0001,domestic,Sri Lanka,Netolpitiya,C,Copy of courier (1).xlsx,Southern,Hambantota
#CR0001,domestic,Sri Lanka,Nihiluwa,C,Copy of courier (1).xlsx,Southern,Hambantota
#CR0001,domestic,Sri Lanka,Padawkema,C,Copy of courier (1).xlsx,Southern,Hambantota
#CR0001,domestic,Sri Lanka,Pahala Andarawewa,C,Copy of courier (1).xlsx,Southern,Hambantota
#CR0001,domestic,Sri Lanka,Pallekanda,C,Copy of courier (1).xlsx,Southern,Hambantota
#CR0001,domestic,Sri Lanka,Rammalawarapitiya,C,Copy of courier (1).xlsx,Southern,Hambantota
#CR0001,domestic,Sri Lanka,Ranakeliya,C,Copy of courier (1).xlsx,Southern,Hambantota
#CR0001,domestic,Sri Lanka,Ranmuduwewa,C,Copy of courier (1).xlsx,Southern,Hambantota
#CR0001,domestic,Sri Lanka,Ranna,C,Copy of courier (1).xlsx,Southern,Hambantota
#CR0001,domestic,Sri Lanka,Ratmalwala,C,Copy of courier (1).xlsx,Southern,Hambantota
#CR0001,domestic,Sri Lanka,RU/Ridiyagama,C,Copy of courier (1).xlsx,Southern,Hambantota
#CR0001,domestic,Sri Lanka,Sooriyawewa Town,C,Copy of courier (1).xlsx,Southern,Hambantota
#CR0001,domestic,Sri Lanka,Tangalla,C,Copy of courier (1).xlsx,Southern,Hambantota
#CR0001,domestic,Sri Lanka,Tissamaharama,C,Copy of courier (1).xlsx,Southern,Hambantota
#CR0001,domestic,Sri Lanka,Uda Gomadiya,C,Copy of courier (1).xlsx,Southern,Hambantota
#CR0001,domestic,Sri Lanka,Udamattala,C,Copy of courier (1).xlsx,Southern,Hambantota
#CR0001,domestic,Sri Lanka,Uswewa,C,Copy of courier (1).xlsx,Southern,Hambantota
#CR0001,domestic,Sri Lanka,Vitharandeniya,C,Copy of courier (1).xlsx,Southern,Hambantota
#CR0001,domestic,Sri Lanka,Walasmulla,C,Copy of courier (1).xlsx,Southern,Hambantota
#CR0001,domestic,Sri Lanka,Weeraketiya,C,Copy of courier (1).xlsx,Southern,Hambantota
#CR0001,domestic,Sri Lanka,Weerawila,C,Copy of courier (1).xlsx,Southern,Hambantota
#CR0001,domestic,Sri Lanka,Weerawila NewTown,C,Copy of courier (1).xlsx,Southern,Hambantota
#CR0001,domestic,Sri Lanka,Wekandawela,C,Copy of courier (1).xlsx,Southern,Hambantota
#CR0001,domestic,Sri Lanka,Weligatta,C,Copy of courier (1).xlsx,Southern,Hambantota
#CR0001,domestic,Sri Lanka,Yatigala,C,Copy of courier (1).xlsx,Southern,Hambantota
#CR0001,domestic,Sri Lanka,Akuressa,C,Copy of courier (1).xlsx,Southern,Matara
#CR0001,domestic,Sri Lanka,Alapaladeniya,C,Copy of courier (1).xlsx,Southern,Matara
#CR0001,domestic,Sri Lanka,Aparekka,C,Copy of courier (1).xlsx,Southern,Matara
#CR0001,domestic,Sri Lanka,Athuraliya,C,Copy of courier (1).xlsx,Southern,Matara
#CR0001,domestic,Sri Lanka,Bengamuwa,C,Copy of courier (1).xlsx,Southern,Matara
#CR0001,domestic,Sri Lanka,Beralapanathara,C,Copy of courier (1).xlsx,Southern,Matara
#CR0001,domestic,Sri Lanka,Bopagoda,C,Copy of courier (1).xlsx,Southern,Matara
#CR0001,domestic,Sri Lanka,Dampahala,C,Copy of courier (1).xlsx,Southern,Matara
#CR0001,domestic,Sri Lanka,Deegala Lenama,C,Copy of courier (1).xlsx,Southern,Matara
#CR0001,domestic,Sri Lanka,Deiyandara,C,Copy of courier (1).xlsx,Southern,Matara
#CR0001,domestic,Sri Lanka,Dellawa,C,Copy of courier (1).xlsx,Southern,Matara
#CR0001,domestic,Sri Lanka,Denagama,C,Copy of courier (1).xlsx,Southern,Matara
#CR0001,domestic,Sri Lanka,Denipitiya,C,Copy of courier (1).xlsx,Southern,Matara
#CR0001,domestic,Sri Lanka,Deniyaya,C,Copy of courier (1).xlsx,Southern,Matara
#CR0001,domestic,Sri Lanka,Derangala,C,Copy of courier (1).xlsx,Southern,Matara
#CR0001,domestic,Sri Lanka,Dikwella,C,Copy of courier (1).xlsx,Southern,Matara
#CR0001,domestic,Sri Lanka,Diyagaha,C,Copy of courier (1).xlsx,Southern,Matara
#CR0001,domestic,Sri Lanka,Diyalape,C,Copy of courier (1).xlsx,Southern,Matara
#CR0001,domestic,Sri Lanka,Gandara,C,Copy of courier (1).xlsx,Southern,Matara
#CR0001,domestic,Sri Lanka,Godapitiya,C,Copy of courier (1).xlsx,Southern,Matara
#CR0001,domestic,Sri Lanka,Gomilamawarala,C,Copy of courier (1).xlsx,Southern,Matara
#CR0001,domestic,Sri Lanka,Hakmana,C,Copy of courier (1).xlsx,Southern,Matara
#CR0001,domestic,Sri Lanka,Handugala,C,Copy of courier (1).xlsx,Southern,Matara
#CR0001,domestic,Sri Lanka,Horapawita,C,Copy of courier (1).xlsx,Southern,Matara
#CR0001,domestic,Sri Lanka,Kalubowitiyana,C,Copy of courier (1).xlsx,Southern,Matara
#CR0001,domestic,Sri Lanka,Kamburugamuwa,C,Copy of courier (1).xlsx,Southern,Matara
#CR0001,domestic,Sri Lanka,Kamburupitiya,C,Copy of courier (1).xlsx,Southern,Matara
#CR0001,domestic,Sri Lanka,Karagoda Uyangoda,C,Copy of courier (1).xlsx,Southern,Matara
#CR0001,domestic,Sri Lanka,Karaputugala,C,Copy of courier (1).xlsx,Southern,Matara
#CR0001,domestic,Sri Lanka,Karatota,C,Copy of courier (1).xlsx,Southern,Matara
#CR0001,domestic,Sri Lanka,Kekanadurra,C,Copy of courier (1).xlsx,Southern,Matara
#CR0001,domestic,Sri Lanka,Kiriweldola,C,Copy of courier (1).xlsx,Southern,Matara
#CR0001,domestic,Sri Lanka,Kiriwelkele,C,Copy of courier (1).xlsx,Southern,Matara
#CR0001,domestic,Sri Lanka,Kolawenigama,C,Copy of courier (1).xlsx,Southern,Matara
#CR0001,domestic,Sri Lanka,Kotapola,C,Copy of courier (1).xlsx,Southern,Matara
#CR0001,domestic,Sri Lanka,Kottegoda,C,Copy of courier (1).xlsx,Southern,Matara
#CR0001,domestic,Sri Lanka,Lankagama,C,Copy of courier (1).xlsx,Southern,Matara
#CR0001,domestic,Sri Lanka,Makandura,C,Copy of courier (1).xlsx,Southern,Matara
#CR0001,domestic,Sri Lanka,Maliduwa,C,Copy of courier (1).xlsx,Southern,Matara
#CR0001,domestic,Sri Lanka,Maramba,C,Copy of courier (1).xlsx,Southern,Matara
#CR0001,domestic,Sri Lanka,Matara,C,Copy of courier (1).xlsx,Southern,Matara
#CR0001,domestic,Sri Lanka,Mediripitiya,C,Copy of courier (1).xlsx,Southern,Matara
#CR0001,domestic,Sri Lanka,Miella,C,Copy of courier (1).xlsx,Southern,Matara
#CR0001,domestic,Sri Lanka,Mirissa,C,Copy of courier (1).xlsx,Southern,Matara
#CR0001,domestic,Sri Lanka,Moragala Kirillapone,C,Copy of courier (1).xlsx,Southern,Matara
#CR0001,domestic,Sri Lanka,Morawaka,C,Copy of courier (1).xlsx,Southern,Matara
#CR0001,domestic,Sri Lanka,Mulatiyana Junction,C,Copy of courier (1).xlsx,Southern,Matara
#CR0001,domestic,Sri Lanka,Nadugala,C,Copy of courier (1).xlsx,Southern,Matara
#CR0001,domestic,Sri Lanka,Naimana,C,Copy of courier (1).xlsx,Southern,Matara
#CR0001,domestic,Sri Lanka,Narawelpita,C,Copy of courier (1).xlsx,Southern,Matara
#CR0001,domestic,Sri Lanka,Pahala Millawa,C,Copy of courier (1).xlsx,Southern,Matara
#CR0001,domestic,Sri Lanka,Palatuwa,C,Copy of courier (1).xlsx,Southern,Matara
#CR0001,domestic,Sri Lanka,Paragala,C,Copy of courier (1).xlsx,Southern,Matara
#CR0001,domestic,Sri Lanka,Parapamulla,C,Copy of courier (1).xlsx,Southern,Matara
#CR0001,domestic,Sri Lanka,Pasgoda,C,Copy of courier (1).xlsx,Southern,Matara
#CR0001,domestic,Sri Lanka,Penetiyana,C,Copy of courier (1).xlsx,Southern,Matara
#CR0001,domestic,Sri Lanka,Pitabeddara,C,Copy of courier (1).xlsx,Southern,Matara
#CR0001,domestic,Sri Lanka,Pothdeniya,C,Copy of courier (1).xlsx,Southern,Matara
#CR0001,domestic,Sri Lanka,Puhulwella,C,Copy of courier (1).xlsx,Southern,Matara
#CR0001,domestic,Sri Lanka,Radawela,C,Copy of courier (1).xlsx,Southern,Matara
#CR0001,domestic,Sri Lanka,Ransegoda,C,Copy of courier (1).xlsx,Southern,Matara
#CR0001,domestic,Sri Lanka,Ratmale,C,Copy of courier (1).xlsx,Southern,Matara
#CR0001,domestic,Sri Lanka,Rotumba,C,Copy of courier (1).xlsx,Southern,Matara
#CR0001,domestic,Sri Lanka,Siyambalagoda,C,Copy of courier (1).xlsx,Southern,Matara
#CR0001,domestic,Sri Lanka,Sultanagoda,C,Copy of courier (1).xlsx,Southern,Matara
#CR0001,domestic,Sri Lanka,Telijjawila,C,Copy of courier (1).xlsx,Southern,Matara
#CR0001,domestic,Sri Lanka,Thihagoda,C,Copy of courier (1).xlsx,Southern,Matara
#CR0001,domestic,Sri Lanka,Urubokka,C,Copy of courier (1).xlsx,Southern,Matara
#CR0001,domestic,Sri Lanka,Urugamuwa,C,Copy of courier (1).xlsx,Southern,Matara
#CR0001,domestic,Sri Lanka,Urumutta,C,Copy of courier (1).xlsx,Southern,Matara
#CR0001,domestic,Sri Lanka,Viharahena,C,Copy of courier (1).xlsx,Southern,Matara
#CR0001,domestic,Sri Lanka,Walakanda,C,Copy of courier (1).xlsx,Southern,Matara
#CR0001,domestic,Sri Lanka,Walasgala,C,Copy of courier (1).xlsx,Southern,Matara
#CR0001,domestic,Sri Lanka,Waralla,C,Copy of courier (1).xlsx,Southern,Matara
#CR0001,domestic,Sri Lanka,Weligama,C,Copy of courier (1).xlsx,Southern,Matara
#CR0001,domestic,Sri Lanka,Wilpita,C,Copy of courier (1).xlsx,Southern,Matara
#CR0001,domestic,Sri Lanka,Yatiyana,C,Copy of courier (1).xlsx,Southern,Matara
#CR0001,domestic,Sri Lanka,Akkarasiyaya,C,Copy of courier (1).xlsx,Uva,Badulla
#CR0001,domestic,Sri Lanka,Aluketiyawa,C,Copy of courier (1).xlsx,Uva,Badulla
#CR0001,domestic,Sri Lanka,Aluttaramma,C,Copy of courier (1).xlsx,Uva,Badulla
#CR0001,domestic,Sri Lanka,Ambadandegama,C,Copy of courier (1).xlsx,Uva,Badulla
#CR0001,domestic,Sri Lanka,Ambagahawatta,C,Copy of courier (1).xlsx,Uva,Badulla
#CR0001,domestic,Sri Lanka,Ambagasdowa,C,Copy of courier (1).xlsx,Uva,Badulla
#CR0001,domestic,Sri Lanka,Amunumulla,C,Copy of courier (1).xlsx,Uva,Badulla
#CR0001,domestic,Sri Lanka,Arawa,C,Copy of courier (1).xlsx,Uva,Badulla
#CR0001,domestic,Sri Lanka,Arawakumbura,C,Copy of courier (1).xlsx,Uva,Badulla
#CR0001,domestic,Sri Lanka,Arawatta,C,Copy of courier (1).xlsx,Uva,Badulla
#CR0001,domestic,Sri Lanka,Atakiriya,C,Copy of courier (1).xlsx,Uva,Badulla
#CR0001,domestic,Sri Lanka,Badulla,C,Copy of courier (1).xlsx,Uva,Badulla
#CR0001,domestic,Sri Lanka,Baduluoya,C,Copy of courier (1).xlsx,Uva,Badulla
#CR0001,domestic,Sri Lanka,Ballaketuwa,C,Copy of courier (1).xlsx,Uva,Badulla
#CR0001,domestic,Sri Lanka,Bambarapana,C,Copy of courier (1).xlsx,Uva,Badulla
#CR0001,domestic,Sri Lanka,Bandarawela,C,Copy of courier (1).xlsx,Uva,Badulla
#CR0001,domestic,Sri Lanka,Beramada,C,Copy of courier (1).xlsx,Uva,Badulla
#CR0001,domestic,Sri Lanka,Bibilegama,C,Copy of courier (1).xlsx,Uva,Badulla
#CR0001,domestic,Sri Lanka,Bogahakumbura,C,Copy of courier (1).xlsx,Uva,Badulla
#CR0001,domestic,Sri Lanka,Boragas,C,Copy of courier (1).xlsx,Uva,Badulla
#CR0001,domestic,Sri Lanka,Boralanda,C,Copy of courier (1).xlsx,Uva,Badulla
#CR0001,domestic,Sri Lanka,Bowela,C,Copy of courier (1).xlsx,Uva,Badulla
#CR0001,domestic,Sri Lanka,Dambana,C,Copy of courier (1).xlsx,Uva,Badulla
#CR0001,domestic,Sri Lanka,Demodara,C,Copy of courier (1).xlsx,Uva,Badulla
#CR0001,domestic,Sri Lanka,Diganatenna,C,Copy of courier (1).xlsx,Uva,Badulla
#CR0001,domestic,Sri Lanka,Dikkapitiya,C,Copy of courier (1).xlsx,Uva,Badulla
#CR0001,domestic,Sri Lanka,Dimbulana,C,Copy of courier (1).xlsx,Uva,Badulla
#CR0001,domestic,Sri Lanka,Divulapelessa,C,Copy of courier (1).xlsx,Uva,Badulla
#CR0001,domestic,Sri Lanka,Diyatalawa,C,Copy of courier (1).xlsx,Uva,Badulla
#CR0001,domestic,Sri Lanka,Dulgolla,C,Copy of courier (1).xlsx,Uva,Badulla
#CR0001,domestic,Sri Lanka,Egodawela,C,Copy of courier (1).xlsx,Uva,Badulla
#CR0001,domestic,Sri Lanka,Ella,C,Copy of courier (1).xlsx,Uva,Badulla
#CR0001,domestic,Sri Lanka,Ettampitiya,C,Copy of courier (1).xlsx,Uva,Badulla
#CR0001,domestic,Sri Lanka,Galauda,C,Copy of courier (1).xlsx,Uva,Badulla
#CR0001,domestic,Sri Lanka,Galedanda,C,Copy of courier (1).xlsx,Uva,Badulla
#CR0001,domestic,Sri Lanka,Galporuyaya,C,Copy of courier (1).xlsx,Uva,Badulla
#CR0001,domestic,Sri Lanka,Gamewela,C,Copy of courier (1).xlsx,Uva,Badulla
#CR0001,domestic,Sri Lanka,Gawarawela,C,Copy of courier (1).xlsx,Uva,Badulla
#CR0001,domestic,Sri Lanka,Girandurukotte,C,Copy of courier (1).xlsx,Uva,Badulla
#CR0001,domestic,Sri Lanka,Godunna,C,Copy of courier (1).xlsx,Uva,Badulla
#CR0001,domestic,Sri Lanka,Gurutalawa,C,Copy of courier (1).xlsx,Uva,Badulla
#CR0001,domestic,Sri Lanka,Haldummulla,C,Copy of courier (1).xlsx,Uva,Badulla
#CR0001,domestic,Sri Lanka,Hali Ela,C,Copy of courier (1).xlsx,Uva,Badulla
#CR0001,domestic,Sri Lanka,Hangunnawa,C,Copy of courier (1).xlsx,Uva,Badulla
#CR0001,domestic,Sri Lanka,Haputale,C,Copy of courier (1).xlsx,Uva,Badulla
#CR0001,domestic,Sri Lanka,Hebarawa,C,Copy of courier (1).xlsx,Uva,Badulla
#CR0001,domestic,Sri Lanka,Heeloya,C,Copy of courier (1).xlsx,Uva,Badulla
#CR0001,domestic,Sri Lanka,Helahalpe,C,Copy of courier (1).xlsx,Uva,Badulla
#CR0001,domestic,Sri Lanka,Helapupula,C,Copy of courier (1).xlsx,Uva,Badulla
#CR0001,domestic,Sri Lanka,Hewanakumbura,C,Copy of courier (1).xlsx,Uva,Badulla
#CR0001,domestic,Sri Lanka,Hingurukaduwa,C,Copy of courier (1).xlsx,Uva,Badulla
#CR0001,domestic,Sri Lanka,Hopton,C,Copy of courier (1).xlsx,Uva,Badulla
#CR0001,domestic,Sri Lanka,Idalgashinna,C,Copy of courier (1).xlsx,Uva,Badulla
#CR0001,domestic,Sri Lanka,Jangulla,C,Copy of courier (1).xlsx,Uva,Badulla
#CR0001,domestic,Sri Lanka,Kahataruppa,C,Copy of courier (1).xlsx,Uva,Badulla
#CR0001,domestic,Sri Lanka,Kalubululanda,C,Copy of courier (1).xlsx,Uva,Badulla
#CR0001,domestic,Sri Lanka,Kalugahakandura,C,Copy of courier (1).xlsx,Uva,Badulla
#CR0001,domestic,Sri Lanka,Kalupahana,C,Copy of courier (1).xlsx,Uva,Badulla
#CR0001,domestic,Sri Lanka,Kandaketya,C,Copy of courier (1).xlsx,Uva,Badulla
#CR0001,domestic,Sri Lanka,Kandegedara,C,Copy of courier (1).xlsx,Uva,Badulla
#CR0001,domestic,Sri Lanka,Kandepuhulpola,C,Copy of courier (1).xlsx,Uva,Badulla
#CR0001,domestic,Sri Lanka,Kebillawela,C,Copy of courier (1).xlsx,Uva,Badulla
#CR0001,domestic,Sri Lanka,Kendagolla,C,Copy of courier (1).xlsx,Uva,Badulla
#CR0001,domestic,Sri Lanka,Keppetipola,C,Copy of courier (1).xlsx,Uva,Badulla
#CR0001,domestic,Sri Lanka,Keselpotha,C,Copy of courier (1).xlsx,Uva,Badulla
#CR0001,domestic,Sri Lanka,Ketawatta,C,Copy of courier (1).xlsx,Uva,Badulla
#CR0001,domestic,Sri Lanka,Kiriwanagama,C,Copy of courier (1).xlsx,Uva,Badulla
#CR0001,domestic,Sri Lanka,Koslanda,C,Copy of courier (1).xlsx,Uva,Badulla
#CR0001,domestic,Sri Lanka,Kotamuduna,C,Copy of courier (1).xlsx,Uva,Badulla
#CR0001,domestic,Sri Lanka,Kuruwitenna,C,Copy of courier (1).xlsx,Uva,Badulla
#CR0001,domestic,Sri Lanka,Kuttiyagolla,C,Copy of courier (1).xlsx,Uva,Badulla
#CR0001,domestic,Sri Lanka,Landewela,C,Copy of courier (1).xlsx,Uva,Badulla
#CR0001,domestic,Sri Lanka,Liyangahawela,C,Copy of courier (1).xlsx,Uva,Badulla
#CR0001,domestic,Sri Lanka,Lunugala,C,Copy of courier (1).xlsx,Uva,Badulla
#CR0001,domestic,Sri Lanka,Lunuwatta,C,Copy of courier (1).xlsx,Uva,Badulla
#CR0001,domestic,Sri Lanka,Madulsima,C,Copy of courier (1).xlsx,Uva,Badulla
#CR0001,domestic,Sri Lanka,Mahiyanganaya,C,Copy of courier (1).xlsx,Uva,Badulla
#CR0001,domestic,Sri Lanka,Makulella,C,Copy of courier (1).xlsx,Uva,Badulla
#CR0001,domestic,Sri Lanka,Malgoda,C,Copy of courier (1).xlsx,Uva,Badulla
#CR0001,domestic,Sri Lanka,Maliyadda,C,Copy of courier (1).xlsx,Uva,Badulla
#CR0001,domestic,Sri Lanka,Mapakadawewa,C,Copy of courier (1).xlsx,Uva,Badulla
#CR0001,domestic,Sri Lanka,Maspanna,C,Copy of courier (1).xlsx,Uva,Badulla
#CR0001,domestic,Sri Lanka,Maussagolla,C,Copy of courier (1).xlsx,Uva,Badulla
#CR0001,domestic,Sri Lanka,Medawela Udukinda,C,Copy of courier (1).xlsx,Uva,Badulla
#CR0001,domestic,Sri Lanka,Medawelagama,C,Copy of courier (1).xlsx,Uva,Badulla
#CR0001,domestic,Sri Lanka,Meegahakiula,C,Copy of courier (1).xlsx,Uva,Badulla
#CR0001,domestic,Sri Lanka,Metigahatenna,C,Copy of courier (1).xlsx,Uva,Badulla
#CR0001,domestic,Sri Lanka,Mirahawatta,C,Copy of courier (1).xlsx,Uva,Badulla
#CR0001,domestic,Sri Lanka,Miriyabedda,C,Copy of courier (1).xlsx,Uva,Badulla
#CR0001,domestic,Sri Lanka,Miyanakandura,C,Copy of courier (1).xlsx,Uva,Badulla
#CR0001,domestic,Sri Lanka,Namunukula,C,Copy of courier (1).xlsx,Uva,Badulla
#CR0001,domestic,Sri Lanka,Narangala,C,Copy of courier (1).xlsx,Uva,Badulla
#CR0001,domestic,Sri Lanka,Nelumgama,C,Copy of courier (1).xlsx,Uva,Badulla
#CR0001,domestic,Sri Lanka,Nikapotha,C,Copy of courier (1).xlsx,Uva,Badulla
#CR0001,domestic,Sri Lanka,Nugatalawa,C,Copy of courier (1).xlsx,Uva,Badulla
#CR0001,domestic,Sri Lanka,Ohiya,C,Copy of courier (1).xlsx,Uva,Badulla
#CR0001,domestic,Sri Lanka,Pahalarathkinda,C,Copy of courier (1).xlsx,Uva,Badulla
#CR0001,domestic,Sri Lanka,Pallekiruwa,C,Copy of courier (1).xlsx,Uva,Badulla
#CR0001,domestic,Sri Lanka,Passara,C,Copy of courier (1).xlsx,Uva,Badulla
#CR0001,domestic,Sri Lanka,Pathanewatta,C,Copy of courier (1).xlsx,Uva,Badulla
#CR0001,domestic,Sri Lanka,Pattiyagedara,C,Copy of courier (1).xlsx,Uva,Badulla
#CR0001,domestic,Sri Lanka,Pelagahatenna,C,Copy of courier (1).xlsx,Uva,Badulla
#CR0001,domestic,Sri Lanka,Perawella,C,Copy of courier (1).xlsx,Uva,Badulla
#CR0001,domestic,Sri Lanka,Pitamaruwa,C,Copy of courier (1).xlsx,Uva,Badulla
#CR0001,domestic,Sri Lanka,Pitapola,C,Copy of courier (1).xlsx,Uva,Badulla
#CR0001,domestic,Sri Lanka,Puhulpola,C,Copy of courier (1).xlsx,Uva,Badulla
#CR0001,domestic,Sri Lanka,Ratkarawwa,C,Copy of courier (1).xlsx,Uva,Badulla
#CR0001,domestic,Sri Lanka,Ridimaliyadda,C,Copy of courier (1).xlsx,Uva,Badulla
#CR0001,domestic,Sri Lanka,Rilpola,C,Copy of courier (1).xlsx,Uva,Badulla
#CR0001,domestic,Sri Lanka,Silmiyapura,C,Copy of courier (1).xlsx,Uva,Badulla
#CR0001,domestic,Sri Lanka,Sirimalgoda,C,Copy of courier (1).xlsx,Uva,Badulla
#CR0001,domestic,Sri Lanka,Sorabora Colony,C,Copy of courier (1).xlsx,Uva,Badulla
#CR0001,domestic,Sri Lanka,Soragune,C,Copy of courier (1).xlsx,Uva,Badulla
#CR0001,domestic,Sri Lanka,Soranatota,C,Copy of courier (1).xlsx,Uva,Badulla
#CR0001,domestic,Sri Lanka,Spring Valley,C,Copy of courier (1).xlsx,Uva,Badulla
#CR0001,domestic,Sri Lanka,Taldena,C,Copy of courier (1).xlsx,Uva,Badulla
#CR0001,domestic,Sri Lanka,Tennepanguwa,C,Copy of courier (1).xlsx,Uva,Badulla
#CR0001,domestic,Sri Lanka,Timbirigaspitiya,C,Copy of courier (1).xlsx,Uva,Badulla
#CR0001,domestic,Sri Lanka,Uduhawara,C,Copy of courier (1).xlsx,Uva,Badulla
#CR0001,domestic,Sri Lanka,Uraniya,C,Copy of courier (1).xlsx,Uva,Badulla
#CR0001,domestic,Sri Lanka,Uva Deegalla,C,Copy of courier (1).xlsx,Uva,Badulla
#CR0001,domestic,Sri Lanka,Uva Karandagolla,C,Copy of courier (1).xlsx,Uva,Badulla
#CR0001,domestic,Sri Lanka,Uva Mawelagama,C,Copy of courier (1).xlsx,Uva,Badulla
#CR0001,domestic,Sri Lanka,Uva Tenna,C,Copy of courier (1).xlsx,Uva,Badulla
#CR0001,domestic,Sri Lanka,Uva Tissapura,C,Copy of courier (1).xlsx,Uva,Badulla
#CR0001,domestic,Sri Lanka,Uva Uduwara,C,Copy of courier (1).xlsx,Uva,Badulla
#CR0001,domestic,Sri Lanka,Uvaparanagama,C,Copy of courier (1).xlsx,Uva,Badulla
#CR0001,domestic,Sri Lanka,Welimada,C,Copy of courier (1).xlsx,Uva,Badulla
#CR0001,domestic,Sri Lanka,Wewatta,C,Copy of courier (1).xlsx,Uva,Badulla
#CR0001,domestic,Sri Lanka,Wineethagama,C,Copy of courier (1).xlsx,Uva,Badulla
#CR0001,domestic,Sri Lanka,Yalagamuwa,C,Copy of courier (1).xlsx,Uva,Badulla
#CR0001,domestic,Sri Lanka,Yalwela,C,Copy of courier (1).xlsx,Uva,Badulla
#CR0001,domestic,Sri Lanka,Angunakolawewa,C,Copy of courier (1).xlsx,Uva,Monaragala
#CR0001,domestic,Sri Lanka,Ayiwela,C,Copy of courier (1).xlsx,Uva,Monaragala
#CR0001,domestic,Sri Lanka,Badalkumbura,C,Copy of courier (1).xlsx,Uva,Monaragala
#CR0001,domestic,Sri Lanka,Baduluwela,C,Copy of courier (1).xlsx,Uva,Monaragala
#CR0001,domestic,Sri Lanka,Bakinigahawela,C,Copy of courier (1).xlsx,Uva,Monaragala
#CR0001,domestic,Sri Lanka,Balaharuwa,C,Copy of courier (1).xlsx,Uva,Monaragala
#CR0001,domestic,Sri Lanka,Bibile,C,Copy of courier (1).xlsx,Uva,Monaragala
#CR0001,domestic,Sri Lanka,Buddama,C,Copy of courier (1).xlsx,Uva,Monaragala
#CR0001,domestic,Sri Lanka,Buttala,C,Copy of courier (1).xlsx,Uva,Monaragala
#CR0001,domestic,Sri Lanka,Dambagalla,C,Copy of courier (1).xlsx,Uva,Monaragala
#CR0001,domestic,Sri Lanka,Diyakobala,C,Copy of courier (1).xlsx,Uva,Monaragala
#CR0001,domestic,Sri Lanka,Dombagahawela,C,Copy of courier (1).xlsx,Uva,Monaragala
#CR0001,domestic,Sri Lanka,Ekamutugama,C,Copy of courier (1).xlsx,Uva,Monaragala
#CR0001,domestic,Sri Lanka,Ekiriyankumbura,C,Copy of courier (1).xlsx,Uva,Monaragala
#CR0001,domestic,Sri Lanka,Ethimalewewa,C,Copy of courier (1).xlsx,Uva,Monaragala
#CR0001,domestic,Sri Lanka,Ettiliwewa,C,Copy of courier (1).xlsx,Uva,Monaragala
#CR0001,domestic,Sri Lanka,Galabedda,C,Copy of courier (1).xlsx,Uva,Monaragala
#CR0001,domestic,Sri Lanka,Hambegamuwa,C,Copy of courier (1).xlsx,Uva,Monaragala
#CR0001,domestic,Sri Lanka,Hulandawa,C,Copy of courier (1).xlsx,Uva,Monaragala
#CR0001,domestic,Sri Lanka,Inginiyagala,C,Copy of courier (1).xlsx,Uva,Monaragala
#CR0001,domestic,Sri Lanka,Kandaudapanguwa,C,Copy of courier (1).xlsx,Uva,Monaragala
#CR0001,domestic,Sri Lanka,Kandawinna,C,Copy of courier (1).xlsx,Uva,Monaragala
#CR0001,domestic,Sri Lanka,Kataragama,C,Copy of courier (1).xlsx,Uva,Monaragala
#CR0001,domestic,Sri Lanka,Kiriibbanwewa,C,Copy of courier (1).xlsx,Uva,Monaragala
#CR0001,domestic,Sri Lanka,Kotagama,C,Copy of courier (1).xlsx,Uva,Monaragala
#CR0001,domestic,Sri Lanka,Kotawehera Mankada,C,Copy of courier (1).xlsx,Uva,Monaragala
#CR0001,domestic,Sri Lanka,Kotiyagala,C,Copy of courier (1).xlsx,Uva,Monaragala
#CR0001,domestic,Sri Lanka,Kumbukkana,C,Copy of courier (1).xlsx,Uva,Monaragala
#CR0001,domestic,Sri Lanka,Mahagama Colony,C,Copy of courier (1).xlsx,Uva,Monaragala
#CR0001,domestic,Sri Lanka,Marawa,C,Copy of courier (1).xlsx,Uva,Monaragala
#CR0001,domestic,Sri Lanka,Mariarawa,C,Copy of courier (1).xlsx,Uva,Monaragala
#CR0001,domestic,Sri Lanka,Medagana,C,Copy of courier (1).xlsx,Uva,Monaragala
#CR0001,domestic,Sri Lanka,Monaragala,C,Copy of courier (1).xlsx,Uva,Monaragala
#CR0001,domestic,Sri Lanka,Moretuwegama,C,Copy of courier (1).xlsx,Uva,Monaragala
#CR0001,domestic,Sri Lanka,Nakkala,C,Copy of courier (1).xlsx,Uva,Monaragala
#CR0001,domestic,Sri Lanka,Nannapurawa,C,Copy of courier (1).xlsx,Uva,Monaragala
#CR0001,domestic,Sri Lanka,Nelliyadda,C,Copy of courier (1).xlsx,Uva,Monaragala
#CR0001,domestic,Sri Lanka,Nilgala,C,Copy of courier (1).xlsx,Uva,Monaragala
#CR0001,domestic,Sri Lanka,Obbegoda,C,Copy of courier (1).xlsx,Uva,Monaragala
#CR0001,domestic,Sri Lanka,Okkampitiya,C,Copy of courier (1).xlsx,Uva,Monaragala
#CR0001,domestic,Sri Lanka,Pangura,C,Copy of courier (1).xlsx,Uva,Monaragala
#CR0001,domestic,Sri Lanka,Pitakumbura,C,Copy of courier (1).xlsx,Uva,Monaragala
#CR0001,domestic,Sri Lanka,Randeniya,C,Copy of courier (1).xlsx,Uva,Monaragala
#CR0001,domestic,Sri Lanka,Ruwalwela,C,Copy of courier (1).xlsx,Uva,Monaragala
#CR0001,domestic,Sri Lanka,Sella Kataragama,C,Copy of courier (1).xlsx,Uva,Monaragala
#CR0001,domestic,Sri Lanka,Sewanagala,C,Copy of courier (1).xlsx,Uva,Monaragala
#CR0001,domestic,Sri Lanka,Siyambalagune,C,Copy of courier (1).xlsx,Uva,Monaragala
#CR0001,domestic,Sri Lanka,Siyambalanduwa,C,Copy of courier (1).xlsx,Uva,Monaragala
#CR0001,domestic,Sri Lanka,Suriara,C,Copy of courier (1).xlsx,Uva,Monaragala
#CR0001,domestic,Sri Lanka,Tanamalwila,C,Copy of courier (1).xlsx,Uva,Monaragala
#CR0001,domestic,Sri Lanka,Uva Gangodagama,C,Copy of courier (1).xlsx,Uva,Monaragala
#CR0001,domestic,Sri Lanka,Uva Kudaoya,C,Copy of courier (1).xlsx,Uva,Monaragala
#CR0001,domestic,Sri Lanka,Uva Pelwatta,C,Copy of courier (1).xlsx,Uva,Monaragala
#CR0001,domestic,Sri Lanka,Warunagama,C,Copy of courier (1).xlsx,Uva,Monaragala
#CR0001,domestic,Sri Lanka,Wedikumbura,C,Copy of courier (1).xlsx,Uva,Monaragala
#CR0001,domestic,Sri Lanka,Weherayaya Handapanagala,C,Copy of courier (1).xlsx,Uva,Monaragala
#CR0001,domestic,Sri Lanka,Wellawaya,C,Copy of courier (1).xlsx,Uva,Monaragala
#CR0001,domestic,Sri Lanka,Wilaoya,C,Copy of courier (1).xlsx,Uva,Monaragala
#CR0001,domestic,Sri Lanka,Akarawita,B,Copy of courier (1).xlsx,Western,Colombo
#CR0001,domestic,Sri Lanka,Angoda,B,Copy of courier (1).xlsx,Western,Colombo
#CR0001,domestic,Sri Lanka,Arangala,B,Copy of courier (1).xlsx,Western,Colombo
#CR0001,domestic,Sri Lanka,Athurugiriya,B,Copy of courier (1).xlsx,Western,Colombo
#CR0001,domestic,Sri Lanka,Avissawella,B,Copy of courier (1).xlsx,Western,Colombo
#CR0001,domestic,Sri Lanka,Bambalapitiya,B,Copy of courier (1).xlsx,Western,Colombo
#CR0001,domestic,Sri Lanka,Batawala,B,Copy of courier (1).xlsx,Western,Colombo
#CR0001,domestic,Sri Lanka,Battaramulla,B,Copy of courier (1).xlsx,Western,Colombo
#CR0001,domestic,Sri Lanka,Batugampola,B,Copy of courier (1).xlsx,Western,Colombo
#CR0001,domestic,Sri Lanka,Bope,B,Copy of courier (1).xlsx,Western,Colombo
#CR0001,domestic,Sri Lanka,Boralesgamuwa,B,Copy of courier (1).xlsx,Western,Colombo
#CR0001,domestic,Sri Lanka,Borella,A,Copy of courier (1).xlsx,Western,Colombo
#CR0001,domestic,Sri Lanka,Colombo 01,A,Copy of courier (1).xlsx,Western,Colombo
#CR0001,domestic,Sri Lanka,Colombo 02,A,Copy of courier (1).xlsx,Western,Colombo
#CR0001,domestic,Sri Lanka,Colombo 03,A,Copy of courier (1).xlsx,Western,Colombo
#CR0001,domestic,Sri Lanka,Colombo 04,A,Copy of courier (1).xlsx,Western,Colombo
#CR0001,domestic,Sri Lanka,Colombo 05,A,Copy of courier (1).xlsx,Western,Colombo
#CR0001,domestic,Sri Lanka,Colombo 06,A,Copy of courier (1).xlsx,Western,Colombo
#CR0001,domestic,Sri Lanka,Colombo 07,A,Copy of courier (1).xlsx,Western,Colombo
#CR0001,domestic,Sri Lanka,Colombo 08,A,Copy of courier (1).xlsx,Western,Colombo
#CR0001,domestic,Sri Lanka,Colombo 09,A,Copy of courier (1).xlsx,Western,Colombo
#CR0001,domestic,Sri Lanka,Colombo 10,A,Copy of courier (1).xlsx,Western,Colombo
#CR0001,domestic,Sri Lanka,Colombo 11,A,Copy of courier (1).xlsx,Western,Colombo
#CR0001,domestic,Sri Lanka,Colombo 12,A,Copy of courier (1).xlsx,Western,Colombo
#CR0001,domestic,Sri Lanka,Colombo 13,A,Copy of courier (1).xlsx,Western,Colombo
#CR0001,domestic,Sri Lanka,Colombo 14,A,Copy of courier (1).xlsx,Western,Colombo
#CR0001,domestic,Sri Lanka,Colombo 15,A,Copy of courier (1).xlsx,Western,Colombo
#CR0001,domestic,Sri Lanka,Dedigamuwa,B,Copy of courier (1).xlsx,Western,Colombo
#CR0001,domestic,Sri Lanka,Dehiwala,B,Copy of courier (1).xlsx,Western,Colombo
#CR0001,domestic,Sri Lanka,Deltara,B,Copy of courier (1).xlsx,Western,Colombo
#CR0001,domestic,Sri Lanka,Embuldeniya,B,Copy of courier (1).xlsx,Western,Colombo
#CR0001,domestic,Sri Lanka,Gongodawila,B,Copy of courier (1).xlsx,Western,Colombo
#CR0001,domestic,Sri Lanka,Habarakada,B,Copy of courier (1).xlsx,Western,Colombo
#CR0001,domestic,Sri Lanka,Handapangoda,B,Copy of courier (1).xlsx,Western,Colombo
#CR0001,domestic,Sri Lanka,Hanwella,B,Copy of courier (1).xlsx,Western,Colombo
#CR0001,domestic,Sri Lanka,Hewainna,B,Copy of courier (1).xlsx,Western,Colombo
#CR0001,domestic,Sri Lanka,Hiripitya,B,Copy of courier (1).xlsx,Western,Colombo
#CR0001,domestic,Sri Lanka,Hokandara,B,Copy of courier (1).xlsx,Western,Colombo
#CR0001,domestic,Sri Lanka,Homagama,B,Copy of courier (1).xlsx,Western,Colombo
#CR0001,domestic,Sri Lanka,Horagala,B,Copy of courier (1).xlsx,Western,Colombo
#CR0001,domestic,Sri Lanka,Kaduwela,B,Copy of courier (1).xlsx,Western,Colombo
#CR0001,domestic,Sri Lanka,Kahawala,B,Copy of courier (1).xlsx,Western,Colombo
#CR0001,domestic,Sri Lanka,Kalatuwawa,B,Copy of courier (1).xlsx,Western,Colombo
#CR0001,domestic,Sri Lanka,Kalubowila,B,Copy of courier (1).xlsx,Western,Colombo
#CR0001,domestic,Sri Lanka,Kiriwattuduwa,B,Copy of courier (1).xlsx,Western,Colombo
#CR0001,domestic,Sri Lanka,Kohuwala,B,Copy of courier (1).xlsx,Western,Colombo
#CR0001,domestic,Sri Lanka,Kolonnawa,B,Copy of courier (1).xlsx,Western,Colombo
#CR0001,domestic,Sri Lanka,Kosgama,B,Copy of courier (1).xlsx,Western,Colombo
#CR0001,domestic,Sri Lanka,Kotahena,B,Copy of courier (1).xlsx,Western,Colombo
#CR0001,domestic,Sri Lanka,Kotikawatta,B,Copy of courier (1).xlsx,Western,Colombo
#CR0001,domestic,Sri Lanka,Kottawa,B,Copy of courier (1).xlsx,Western,Colombo
#CR0001,domestic,Sri Lanka,Madapatha,B,Copy of courier (1).xlsx,Western,Colombo
#CR0001,domestic,Sri Lanka,Maharagama,B,Copy of courier (1).xlsx,Western,Colombo
#CR0001,domestic,Sri Lanka,Malabe,B,Copy of courier (1).xlsx,Western,Colombo
#CR0001,domestic,Sri Lanka,Meegoda,B,Copy of courier (1).xlsx,Western,Colombo
#CR0001,domestic,Sri Lanka,Moratuwa,B,Copy of courier (1).xlsx,Western,Colombo
#CR0001,domestic,Sri Lanka,Mount Lavinia,B,Copy of courier (1).xlsx,Western,Colombo
#CR0001,domestic,Sri Lanka,Mullegama,B,Copy of courier (1).xlsx,Western,Colombo
#CR0001,domestic,Sri Lanka,Mulleriyawa,B,Copy of courier (1).xlsx,Western,Colombo
#CR0001,domestic,Sri Lanka,Mutwal,B,Copy of courier (1).xlsx,Western,Colombo
#CR0001,domestic,Sri Lanka,Napawela,B,Copy of courier (1).xlsx,Western,Colombo
#CR0001,domestic,Sri Lanka,Narahenpita,B,Copy of courier (1).xlsx,Western,Colombo
#CR0001,domestic,Sri Lanka,Nugegoda,B,Copy of courier (1).xlsx,Western,Colombo
#CR0001,domestic,Sri Lanka,Padukka,B,Copy of courier (1).xlsx,Western,Colombo
#CR0001,domestic,Sri Lanka,Pannipitiya,B,Copy of courier (1).xlsx,Western,Colombo
#CR0001,domestic,Sri Lanka,Piliyandala,B,Copy of courier (1).xlsx,Western,Colombo
#CR0001,domestic,Sri Lanka,Pita Kotte,B,Copy of courier (1).xlsx,Western,Colombo
#CR0001,domestic,Sri Lanka,Pitipana Homagama,B,Copy of courier (1).xlsx,Western,Colombo
#CR0001,domestic,Sri Lanka,Polgasowita,B,Copy of courier (1).xlsx,Western,Colombo
#CR0001,domestic,Sri Lanka,Puwakpitiya,B,Copy of courier (1).xlsx,Western,Colombo
#CR0001,domestic,Sri Lanka,Rajagiriya,B,Copy of courier (1).xlsx,Western,Colombo
#CR0001,domestic,Sri Lanka,Ranala,B,Copy of courier (1).xlsx,Western,Colombo
#CR0001,domestic,Sri Lanka,Ratmalana,B,Copy of courier (1).xlsx,Western,Colombo
#CR0001,domestic,Sri Lanka,Siddamulla,B,Copy of courier (1).xlsx,Western,Colombo
#CR0001,domestic,Sri Lanka,Sri Jayewardenepura,B,Copy of courier (1).xlsx,Western,Colombo
#CR0001,domestic,Sri Lanka,Talawatugoda,B,Copy of courier (1).xlsx,Western,Colombo
#CR0001,domestic,Sri Lanka,Tummodara,B,Copy of courier (1).xlsx,Western,Colombo
#CR0001,domestic,Sri Lanka,Waga,B,Copy of courier (1).xlsx,Western,Colombo
#CR0001,domestic,Sri Lanka,Watareka,B,Copy of courier (1).xlsx,Western,Colombo
#CR0001,domestic,Sri Lanka,Wijerama,B,Copy of courier (1).xlsx,Western,Colombo
#CR0001,domestic,Sri Lanka,Akaragama,C,Copy of courier (1).xlsx,Western,Gampaha
#CR0001,domestic,Sri Lanka,Alawala,C,Copy of courier (1).xlsx,Western,Gampaha
#CR0001,domestic,Sri Lanka,Ambagaspitiya,C,Copy of courier (1).xlsx,Western,Gampaha
#CR0001,domestic,Sri Lanka,Ambepussa,C,Copy of courier (1).xlsx,Western,Gampaha
#CR0001,domestic,Sri Lanka,Andiambalama,C,Copy of courier (1).xlsx,Western,Gampaha
#CR0001,domestic,Sri Lanka,Attanagalla,C,Copy of courier (1).xlsx,Western,Gampaha
#CR0001,domestic,Sri Lanka,Badalgama,C,Copy of courier (1).xlsx,Western,Gampaha
#CR0001,domestic,Sri Lanka,Banduragoda,C,Copy of courier (1).xlsx,Western,Gampaha
#CR0001,domestic,Sri Lanka,Batuwatta,C,Copy of courier (1).xlsx,Western,Gampaha
#CR0001,domestic,Sri Lanka,Bemmulla,C,Copy of courier (1).xlsx,Western,Gampaha
#CR0001,domestic,Sri Lanka,Biyagama,C,Copy of courier (1).xlsx,Western,Gampaha
#CR0001,domestic,Sri Lanka,Biyagama IPZ,C,Copy of courier (1).xlsx,Western,Gampaha
#CR0001,domestic,Sri Lanka,Bokalagama,C,Copy of courier (1).xlsx,Western,Gampaha
#CR0001,domestic,Sri Lanka,Bopagama,C,Copy of courier (1).xlsx,Western,Gampaha
#CR0001,domestic,Sri Lanka,Buthpitiya,C,Copy of courier (1).xlsx,Western,Gampaha
#CR0001,domestic,Sri Lanka,Dagonna,C,Copy of courier (1).xlsx,Western,Gampaha
#CR0001,domestic,Sri Lanka,Danowita,C,Copy of courier (1).xlsx,Western,Gampaha
#CR0001,domestic,Sri Lanka,Debahera,C,Copy of courier (1).xlsx,Western,Gampaha
#CR0001,domestic,Sri Lanka,Dekatana,C,Copy of courier (1).xlsx,Western,Gampaha
#CR0001,domestic,Sri Lanka,Delgoda,C,Copy of courier (1).xlsx,Western,Gampaha
#CR0001,domestic,Sri Lanka,Delwagura,C,Copy of courier (1).xlsx,Western,Gampaha
#CR0001,domestic,Sri Lanka,Demalagama,C,Copy of courier (1).xlsx,Western,Gampaha
#CR0001,domestic,Sri Lanka,Demanhandiya,C,Copy of courier (1).xlsx,Western,Gampaha
#CR0001,domestic,Sri Lanka,Dewalapola,C,Copy of courier (1).xlsx,Western,Gampaha
#CR0001,domestic,Sri Lanka,Divulapitiya,C,Copy of courier (1).xlsx,Western,Gampaha
#CR0001,domestic,Sri Lanka,Divuldeniya,C,Copy of courier (1).xlsx,Western,Gampaha
#CR0001,domestic,Sri Lanka,Dompe,C,Copy of courier (1).xlsx,Western,Gampaha
#CR0001,domestic,Sri Lanka,Dunagaha,C,Copy of courier (1).xlsx,Western,Gampaha
#CR0001,domestic,Sri Lanka,Ekala,C,Copy of courier (1).xlsx,Western,Gampaha
#CR0001,domestic,Sri Lanka,Ellakkala,C,Copy of courier (1).xlsx,Western,Gampaha
#CR0001,domestic,Sri Lanka,Essella,C,Copy of courier (1).xlsx,Western,Gampaha
#CR0001,domestic,Sri Lanka,Gampaha,C,Copy of courier (1).xlsx,Western,Gampaha
#CR0001,domestic,Sri Lanka,Ganemulla,C,Copy of courier (1).xlsx,Western,Gampaha
#CR0001,domestic,Sri Lanka,GonawalaWP,C,Copy of courier (1).xlsx,Western,Gampaha
#CR0001,domestic,Sri Lanka,Heiyanthuduwa,C,Copy of courier (1).xlsx,Western,Gampaha
#CR0001,domestic,Sri Lanka,Hendala,C,Copy of courier (1).xlsx,Western,Gampaha
#CR0001,domestic,Sri Lanka,Henegama,C,Copy of courier (1).xlsx,Western,Gampaha
#CR0001,domestic,Sri Lanka,Hinatiyana Madawala,C,Copy of courier (1).xlsx,Western,Gampaha
#CR0001,domestic,Sri Lanka,Hiswella,C,Copy of courier (1).xlsx,Western,Gampaha
#CR0001,domestic,Sri Lanka,Horampella,C,Copy of courier (1).xlsx,Western,Gampaha
#CR0001,domestic,Sri Lanka,Hunumulla,C,Copy of courier (1).xlsx,Western,Gampaha
#CR0001,domestic,Sri Lanka,Ihala Madampella,C,Copy of courier (1).xlsx,Western,Gampaha
#CR0001,domestic,Sri Lanka,Imbulgoda,C,Copy of courier (1).xlsx,Western,Gampaha
#CR0001,domestic,Sri Lanka,Ja-Ela,C,Copy of courier (1).xlsx,Western,Gampaha
#CR0001,domestic,Sri Lanka,Kadawatha,C,Copy of courier (1).xlsx,Western,Gampaha
#CR0001,domestic,Sri Lanka,Kahatowita,C,Copy of courier (1).xlsx,Western,Gampaha
#CR0001,domestic,Sri Lanka,Kalagedihena,C,Copy of courier (1).xlsx,Western,Gampaha
#CR0001,domestic,Sri Lanka,Kaleliya,C,Copy of courier (1).xlsx,Western,Gampaha
#CR0001,domestic,Sri Lanka,Kaluaggala,C,Copy of courier (1).xlsx,Western,Gampaha
#CR0001,domestic,Sri Lanka,Kandana,C,Copy of courier (1).xlsx,Western,Gampaha
#CR0001,domestic,Sri Lanka,Kapugoda,C,Copy of courier (1).xlsx,Western,Gampaha
#CR0001,domestic,Sri Lanka,Kapuwatta,C,Copy of courier (1).xlsx,Western,Gampaha
#CR0001,domestic,Sri Lanka,Katana,C,Copy of courier (1).xlsx,Western,Gampaha
#CR0001,domestic,Sri Lanka,Katunayake,C,Copy of courier (1).xlsx,Western,Gampaha
#CR0001,domestic,Sri Lanka,Katunayake Air Force Camp,C,Copy of courier (1).xlsx,Western,Gampaha
#CR0001,domestic,Sri Lanka,Katuwellegama,C,Copy of courier (1).xlsx,Western,Gampaha
#CR0001,domestic,Sri Lanka,Kelaniya,C,Copy of courier (1).xlsx,Western,Gampaha
#CR0001,domestic,Sri Lanka,Kimbulapitiya,C,Copy of courier (1).xlsx,Western,Gampaha
#CR0001,domestic,Sri Lanka,Kiribathgoda,C,Copy of courier (1).xlsx,Western,Gampaha
#CR0001,domestic,Sri Lanka,Kirindiwela,C,Copy of courier (1).xlsx,Western,Gampaha
#CR0001,domestic,Sri Lanka,Kitalawalana,C,Copy of courier (1).xlsx,Western,Gampaha
#CR0001,domestic,Sri Lanka,Kitulwala,C,Copy of courier (1).xlsx,Western,Gampaha
#CR0001,domestic,Sri Lanka,Kochchikade,C,Copy of courier (1).xlsx,Western,Gampaha
#CR0001,domestic,Sri Lanka,Kotadeniyawa,C,Copy of courier (1).xlsx,Western,Gampaha
#CR0001,domestic,Sri Lanka,Kotugoda,C,Copy of courier (1).xlsx,Western,Gampaha
#CR0001,domestic,Sri Lanka,Kumbaloluwa,C,Copy of courier (1).xlsx,Western,Gampaha
#CR0001,domestic,Sri Lanka,Loluwagoda,C,Copy of courier (1).xlsx,Western,Gampaha
#CR0001,domestic,Sri Lanka,Lunugama,C,Copy of courier (1).xlsx,Western,Gampaha
#CR0001,domestic,Sri Lanka,Mabodale,C,Copy of courier (1).xlsx,Western,Gampaha
#CR0001,domestic,Sri Lanka,Madelgamuwa,C,Copy of courier (1).xlsx,Western,Gampaha
#CR0001,domestic,Sri Lanka,Makewita,C,Copy of courier (1).xlsx,Western,Gampaha
#CR0001,domestic,Sri Lanka,Makola,C,Copy of courier (1).xlsx,Western,Gampaha
#CR0001,domestic,Sri Lanka,Malwana,C,Copy of courier (1).xlsx,Western,Gampaha
#CR0001,domestic,Sri Lanka,Mandawala,C,Copy of courier (1).xlsx,Western,Gampaha
#CR0001,domestic,Sri Lanka,Marandagahamula,C,Copy of courier (1).xlsx,Western,Gampaha
#CR0001,domestic,Sri Lanka,Mellawagedara,C,Copy of courier (1).xlsx,Western,Gampaha
#CR0001,domestic,Sri Lanka,Minuwangoda,C,Copy of courier (1).xlsx,Western,Gampaha
#CR0001,domestic,Sri Lanka,Mirigama,C,Copy of courier (1).xlsx,Western,Gampaha
#CR0001,domestic,Sri Lanka,Mithirigala,C,Copy of courier (1).xlsx,Western,Gampaha
#CR0001,domestic,Sri Lanka,Muddaragama,C,Copy of courier (1).xlsx,Western,Gampaha
#CR0001,domestic,Sri Lanka,Mudungoda,C,Copy of courier (1).xlsx,Western,Gampaha
#CR0001,domestic,Sri Lanka,Naranwala,C,Copy of courier (1).xlsx,Western,Gampaha
#CR0001,domestic,Sri Lanka,Nawana,C,Copy of courier (1).xlsx,Western,Gampaha
#CR0001,domestic,Sri Lanka,Nedungamuwa,C,Copy of courier (1).xlsx,Western,Gampaha
#CR0001,domestic,Sri Lanka,Negombo,C,Copy of courier (1).xlsx,Western,Gampaha
#CR0001,domestic,Sri Lanka,Nikahetikanda,C,Copy of courier (1).xlsx,Western,Gampaha
#CR0001,domestic,Sri Lanka,Nittambuwa,C,Copy of courier (1).xlsx,Western,Gampaha
#CR0001,domestic,Sri Lanka,Niwandama,C,Copy of courier (1).xlsx,Western,Gampaha
#CR0001,domestic,Sri Lanka,Pallewela,C,Copy of courier (1).xlsx,Western,Gampaha
#CR0001,domestic,Sri Lanka,Pamunugama,C,Copy of courier (1).xlsx,Western,Gampaha
#CR0001,domestic,Sri Lanka,Pamunuwatta,C,Copy of courier (1).xlsx,Western,Gampaha
#CR0001,domestic,Sri Lanka,Pasyala,C,Copy of courier (1).xlsx,Western,Gampaha
#CR0001,domestic,Sri Lanka,Peliyagoda,C,Copy of courier (1).xlsx,Western,Gampaha
#CR0001,domestic,Sri Lanka,Pepiliyawala,C,Copy of courier (1).xlsx,Western,Gampaha
#CR0001,domestic,Sri Lanka,Pethiyagoda,C,Copy of courier (1).xlsx,Western,Gampaha
#CR0001,domestic,Sri Lanka,Polpithimukulana,C,Copy of courier (1).xlsx,Western,Gampaha
#CR0001,domestic,Sri Lanka,Pugoda,C,Copy of courier (1).xlsx,Western,Gampaha
#CR0001,domestic,Sri Lanka,Radawadunna,C,Copy of courier (1).xlsx,Western,Gampaha
#CR0001,domestic,Sri Lanka,Radawana,C,Copy of courier (1).xlsx,Western,Gampaha
#CR0001,domestic,Sri Lanka,Raddolugama,C,Copy of courier (1).xlsx,Western,Gampaha
#CR0001,domestic,Sri Lanka,Ragama,C,Copy of courier (1).xlsx,Western,Gampaha
#CR0001,domestic,Sri Lanka,Ruggahawila,C,Copy of courier (1).xlsx,Western,Gampaha
#CR0001,domestic,Sri Lanka,Rukmale,C,Copy of courier (1).xlsx,Western,Gampaha
#CR0001,domestic,Sri Lanka,Seeduwa,C,Copy of courier (1).xlsx,Western,Gampaha
#CR0001,domestic,Sri Lanka,Siyambalape,C,Copy of courier (1).xlsx,Western,Gampaha
#CR0001,domestic,Sri Lanka,Talahena,C,Copy of courier (1).xlsx,Western,Gampaha
#CR0001,domestic,Sri Lanka,Thimbirigaskatuwa,C,Copy of courier (1).xlsx,Western,Gampaha
#CR0001,domestic,Sri Lanka,Tittapattara,C,Copy of courier (1).xlsx,Western,Gampaha
#CR0001,domestic,Sri Lanka,Udathuthiripitiya,C,Copy of courier (1).xlsx,Western,Gampaha
#CR0001,domestic,Sri Lanka,Udugampola,C,Copy of courier (1).xlsx,Western,Gampaha
#CR0001,domestic,Sri Lanka,Uggalboda,C,Copy of courier (1).xlsx,Western,Gampaha
#CR0001,domestic,Sri Lanka,Urapola,C,Copy of courier (1).xlsx,Western,Gampaha
#CR0001,domestic,Sri Lanka,Uswetakeiyawa,C,Copy of courier (1).xlsx,Western,Gampaha
#CR0001,domestic,Sri Lanka,Veyangoda,C,Copy of courier (1).xlsx,Western,Gampaha
#CR0001,domestic,Sri Lanka,Walgammulla,C,Copy of courier (1).xlsx,Western,Gampaha
#CR0001,domestic,Sri Lanka,Walpita,C,Copy of courier (1).xlsx,Western,Gampaha
#CR0001,domestic,Sri Lanka,Wanaluwewa,C,Copy of courier (1).xlsx,Western,Gampaha
#CR0001,domestic,Sri Lanka,Wathurugama,C,Copy of courier (1).xlsx,Western,Gampaha
#CR0001,domestic,Sri Lanka,Watinapaha,C,Copy of courier (1).xlsx,Western,Gampaha
#CR0001,domestic,Sri Lanka,Wattala,C,Copy of courier (1).xlsx,Western,Gampaha
#CR0001,domestic,Sri Lanka,Weboda,C,Copy of courier (1).xlsx,Western,Gampaha
#CR0001,domestic,Sri Lanka,Wegowwa,C,Copy of courier (1).xlsx,Western,Gampaha
#CR0001,domestic,Sri Lanka,Weliveriya,C,Copy of courier (1).xlsx,Western,Gampaha
#CR0001,domestic,Sri Lanka,Weweldeniya,C,Copy of courier (1).xlsx,Western,Gampaha
#CR0001,domestic,Sri Lanka,Yakkala,C,Copy of courier (1).xlsx,Western,Gampaha
#CR0001,domestic,Sri Lanka,Agalawatta,C,Copy of courier (1).xlsx,Western,Kalutara
#CR0001,domestic,Sri Lanka,Alubomulla,C,Copy of courier (1).xlsx,Western,Kalutara
#CR0001,domestic,Sri Lanka,Alutgama,C,Copy of courier (1).xlsx,Western,Kalutara
#CR0001,domestic,Sri Lanka,Anguruwatota,C,Copy of courier (1).xlsx,Western,Kalutara
#CR0001,domestic,Sri Lanka,Baduraliya,C,Copy of courier (1).xlsx,Western,Kalutara
#CR0001,domestic,Sri Lanka,Bandaragama,C,Copy of courier (1).xlsx,Western,Kalutara
#CR0001,domestic,Sri Lanka,Bellana,C,Copy of courier (1).xlsx,Western,Kalutara
#CR0001,domestic,Sri Lanka,Beruwala,C,Copy of courier (1).xlsx,Western,Kalutara
#CR0001,domestic,Sri Lanka,Bolossagama,C,Copy of courier (1).xlsx,Western,Kalutara
#CR0001,domestic,Sri Lanka,Bombuwala,C,Copy of courier (1).xlsx,Western,Kalutara
#CR0001,domestic,Sri Lanka,Boralugoda,C,Copy of courier (1).xlsx,Western,Kalutara
#CR0001,domestic,Sri Lanka,Bulathsinhala,C,Copy of courier (1).xlsx,Western,Kalutara
#CR0001,domestic,Sri Lanka,Danawala Thiniyawala,C,Copy of courier (1).xlsx,Western,Kalutara
#CR0001,domestic,Sri Lanka,Delmella,C,Copy of courier (1).xlsx,Western,Kalutara
#CR0001,domestic,Sri Lanka,Dharga Town,C,Copy of courier (1).xlsx,Western,Kalutara
#CR0001,domestic,Sri Lanka,Diwalakada,C,Copy of courier (1).xlsx,Western,Kalutara
#CR0001,domestic,Sri Lanka,Dodangoda,C,Copy of courier (1).xlsx,Western,Kalutara
#CR0001,domestic,Sri Lanka,Dombagoda,C,Copy of courier (1).xlsx,Western,Kalutara
#CR0001,domestic,Sri Lanka,Galpatha,C,Copy of courier (1).xlsx,Western,Kalutara
#CR0001,domestic,Sri Lanka,Gamagoda,C,Copy of courier (1).xlsx,Western,Kalutara
#CR0001,domestic,Sri Lanka,Gonapola Junction,C,Copy of courier (1).xlsx,Western,Kalutara
#CR0001,domestic,Sri Lanka,Govinna,C,Copy of courier (1).xlsx,Western,Kalutara
#CR0001,domestic,Sri Lanka,Gurulubadda,C,Copy of courier (1).xlsx,Western,Kalutara
#CR0001,domestic,Sri Lanka,Halkandawila,C,Copy of courier (1).xlsx,Western,Kalutara
#CR0001,domestic,Sri Lanka,Haltota,C,Copy of courier (1).xlsx,Western,Kalutara
#CR0001,domestic,Sri Lanka,Halwala,C,Copy of courier (1).xlsx,Western,Kalutara
#CR0001,domestic,Sri Lanka,Halwatura,C,Copy of courier (1).xlsx,Western,Kalutara
#CR0001,domestic,Sri Lanka,Hedigalla Colony,C,Copy of courier (1).xlsx,Western,Kalutara
#CR0001,domestic,Sri Lanka,Horana,C,Copy of courier (1).xlsx,Western,Kalutara
#CR0001,domestic,Sri Lanka,Ittapana,C,Copy of courier (1).xlsx,Western,Kalutara
#CR0001,domestic,Sri Lanka,Kalawila Kiranthidiya,C,Copy of courier (1).xlsx,Western,Kalutara
#CR0001,domestic,Sri Lanka,Kalutara,C,Copy of courier (1).xlsx,Western,Kalutara
#CR0001,domestic,Sri Lanka,Kananwila,C,Copy of courier (1).xlsx,Western,Kalutara
#CR0001,domestic,Sri Lanka,Kandanagama,C,Copy of courier (1).xlsx,Western,Kalutara
#CR0001,domestic,Sri Lanka,Kehelwatta,C,Copy of courier (1).xlsx,Western,Kalutara
#CR0001,domestic,Sri Lanka,Kelinkanda,C,Copy of courier (1).xlsx,Western,Kalutara
#CR0001,domestic,Sri Lanka,Kitulgoda,C,Copy of courier (1).xlsx,Western,Kalutara
#CR0001,domestic,Sri Lanka,Koholana,C,Copy of courier (1).xlsx,Western,Kalutara
#CR0001,domestic,Sri Lanka,Kuda Uduwa,C,Copy of courier (1).xlsx,Western,Kalutara
#CR0001,domestic,Sri Lanka,lngiriya,C,Copy of courier (1).xlsx,Western,Kalutara
#CR0001,domestic,Sri Lanka,Maggona,C,Copy of courier (1).xlsx,Western,Kalutara
#CR0001,domestic,Sri Lanka,Mahagama,C,Copy of courier (1).xlsx,Western,Kalutara
#CR0001,domestic,Sri Lanka,Mahakalupahana,C,Copy of courier (1).xlsx,Western,Kalutara
#CR0001,domestic,Sri Lanka,Matugama,C,Copy of courier (1).xlsx,Western,Kalutara
#CR0001,domestic,Sri Lanka,Meegahatenna,C,Copy of courier (1).xlsx,Western,Kalutara
#CR0001,domestic,Sri Lanka,Meegama,C,Copy of courier (1).xlsx,Western,Kalutara
#CR0001,domestic,Sri Lanka,Millaniya,C,Copy of courier (1).xlsx,Western,Kalutara
#CR0001,domestic,Sri Lanka,Millewa,C,Copy of courier (1).xlsx,Western,Kalutara
#CR0001,domestic,Sri Lanka,Miwanapalana,C,Copy of courier (1).xlsx,Western,Kalutara
#CR0001,domestic,Sri Lanka,Molkawa,C,Copy of courier (1).xlsx,Western,Kalutara
#CR0001,domestic,Sri Lanka,Morapitiya,C,Copy of courier (1).xlsx,Western,Kalutara
#CR0001,domestic,Sri Lanka,Morontuduwa,C,Copy of courier (1).xlsx,Western,Kalutara
#CR0001,domestic,Sri Lanka,Nawattuduwa,C,Copy of courier (1).xlsx,Western,Kalutara
#CR0001,domestic,Sri Lanka,Neboda,C,Copy of courier (1).xlsx,Western,Kalutara
#CR0001,domestic,Sri Lanka,Padagoda,C,Copy of courier (1).xlsx,Western,Kalutara
#CR0001,domestic,Sri Lanka,Pahalahewessa,C,Copy of courier (1).xlsx,Western,Kalutara
#CR0001,domestic,Sri Lanka,Paiyagala,C,Copy of courier (1).xlsx,Western,Kalutara
#CR0001,domestic,Sri Lanka,Panadura,C,Copy of courier (1).xlsx,Western,Kalutara
#CR0001,domestic,Sri Lanka,Pannila,C,Copy of courier (1).xlsx,Western,Kalutara
#CR0001,domestic,Sri Lanka,Paragastota,C,Copy of courier (1).xlsx,Western,Kalutara
#CR0001,domestic,Sri Lanka,Paragoda,C,Copy of courier (1).xlsx,Western,Kalutara
#CR0001,domestic,Sri Lanka,Paraigama,C,Copy of courier (1).xlsx,Western,Kalutara
#CR0001,domestic,Sri Lanka,Pelanda,C,Copy of courier (1).xlsx,Western,Kalutara
#CR0001,domestic,Sri Lanka,Pelawatta,C,Copy of courier (1).xlsx,Western,Kalutara
#CR0001,domestic,Sri Lanka,Pokunuwita,C,Copy of courier (1).xlsx,Western,Kalutara
#CR0001,domestic,Sri Lanka,Polgampola,C,Copy of courier (1).xlsx,Western,Kalutara
#CR0001,domestic,Sri Lanka,Poruwedanda,C,Copy of courier (1).xlsx,Western,Kalutara
#CR0001,domestic,Sri Lanka,Remunagoda,C,Copy of courier (1).xlsx,Western,Kalutara
#CR0001,domestic,Sri Lanka,Tebuwana,C,Copy of courier (1).xlsx,Western,Kalutara
#CR0001,domestic,Sri Lanka,Uduwara,C,Copy of courier (1).xlsx,Western,Kalutara
#CR0001,domestic,Sri Lanka,Utumgama,C,Copy of courier (1).xlsx,Western,Kalutara
#CR0001,domestic,Sri Lanka,Veyangalla,C,Copy of courier (1).xlsx,Western,Kalutara
#CR0001,domestic,Sri Lanka,Wadduwa,C,Copy of courier (1).xlsx,Western,Kalutara
#CR0001,domestic,Sri Lanka,Walagedara,C,Copy of courier (1).xlsx,Western,Kalutara
#CR0001,domestic,Sri Lanka,Walallawita,C,Copy of courier (1).xlsx,Western,Kalutara
#CR0001,domestic,Sri Lanka,Waskaduwa,C,Copy of courier (1).xlsx,Western,Kalutara
#CR0001,domestic,Sri Lanka,Welipenna,C,Copy of courier (1).xlsx,Western,Kalutara
#CR0001,domestic,Sri Lanka,Welmilla Junction,C,Copy of courier (1).xlsx,Western,Kalutara
#CR0001,domestic,Sri Lanka,Yagirala,C,Copy of courier (1).xlsx,Western,Kalutara
#CR0001,domestic,Sri Lanka,Yatadolawatta,C,Copy of courier (1).xlsx,Western,Kalutara
#CR0001,domestic,Sri Lanka,Yatawara Junction,C,Copy of courier (1).xlsx,Western,Kalutara
#CR0001,domestic,Sri Lanka,Addalaichenai,D,Copy of courier (1).xlsx,Eastern,Ampara
#CR0001,domestic,Sri Lanka,Akkaraipattu,D,Copy of courier (1).xlsx,Eastern,Ampara
#CR0001,domestic,Sri Lanka,Ampara,D,Copy of courier (1).xlsx,Eastern,Ampara
#CR0001,domestic,Sri Lanka,Bakmitiyawa,D,Copy of courier (1).xlsx,Eastern,Ampara
#CR0001,domestic,Sri Lanka,Central Camp,D,Copy of courier (1).xlsx,Eastern,Ampara
#CR0001,domestic,Sri Lanka,Dadayamtalawa,D,Copy of courier (1).xlsx,Eastern,Ampara
#CR0001,domestic,Sri Lanka,Damana,D,Copy of courier (1).xlsx,Eastern,Ampara
#CR0001,domestic,Sri Lanka,Damanewela,D,Copy of courier (1).xlsx,Eastern,Ampara
#CR0001,domestic,Sri Lanka,Deegawapiya,D,Copy of courier (1).xlsx,Eastern,Ampara
#CR0001,domestic,Sri Lanka,Dehiattakandiya,D,Copy of courier (1).xlsx,Eastern,Ampara
#CR0001,domestic,Sri Lanka,Devalahinda,D,Copy of courier (1).xlsx,Eastern,Ampara
#CR0001,domestic,Sri Lanka,Digamadulla Weeragoda,D,Copy of courier (1).xlsx,Eastern,Ampara
#CR0001,domestic,Sri Lanka,Dorakumbura,D,Copy of courier (1).xlsx,Eastern,Ampara
#CR0001,domestic,Sri Lanka,Galapitagala,D,Copy of courier (1).xlsx,Eastern,Ampara
#CR0001,domestic,Sri Lanka,Gonagolla,D,Copy of courier (1).xlsx,Eastern,Ampara
#CR0001,domestic,Sri Lanka,Hingurana,D,Copy of courier (1).xlsx,Eastern,Ampara
#CR0001,domestic,Sri Lanka,Hulannuge,D,Copy of courier (1).xlsx,Eastern,Ampara
#CR0001,domestic,Sri Lanka,Kalmunai,D,Copy of courier (1).xlsx,Eastern,Ampara
#CR0001,domestic,Sri Lanka,Kannakipuram,D,Copy of courier (1).xlsx,Eastern,Ampara
#CR0001,domestic,Sri Lanka,Karativu,D,Copy of courier (1).xlsx,Eastern,Ampara
#CR0001,domestic,Sri Lanka,Kekirihena,D,Copy of courier (1).xlsx,Eastern,Ampara
#CR0001,domestic,Sri Lanka,Koknahara,D,Copy of courier (1).xlsx,Eastern,Ampara
#CR0001,domestic,Sri Lanka,Kolamanthalawa,D,Copy of courier (1).xlsx,Eastern,Ampara
#CR0001,domestic,Sri Lanka,Komari,D,Copy of courier (1).xlsx,Eastern,Ampara
#CR0001,domestic,Sri Lanka,Lahugala,D,Copy of courier (1).xlsx,Eastern,Ampara
#CR0001,domestic,Sri Lanka,lmkkamam,D,Copy of courier (1).xlsx,Eastern,Ampara
#CR0001,domestic,Sri Lanka,Madawalalanda,D,Copy of courier (1).xlsx,Eastern,Ampara
#CR0001,domestic,Sri Lanka,Mahanagapura,D,Copy of courier (1).xlsx,Eastern,Ampara
#CR0001,domestic,Sri Lanka,Mahaoya,D,Copy of courier (1).xlsx,Eastern,Ampara
#CR0001,domestic,Sri Lanka,Malwatta,D,Copy of courier (1).xlsx,Eastern,Ampara
#CR0001,domestic,Sri Lanka,Mangalagama,D,Copy of courier (1).xlsx,Eastern,Ampara
#CR0001,domestic,Sri Lanka,Marathamune,D,Copy of courier (1).xlsx,Eastern,Ampara
#CR0001,domestic,Sri Lanka,Mawanagama,D,Copy of courier (1).xlsx,Eastern,Ampara
#CR0001,domestic,Sri Lanka,Moragahapallama,D,Copy of courier (1).xlsx,Eastern,Ampara
#CR0001,domestic,Sri Lanka,Namaloya,D,Copy of courier (1).xlsx,Eastern,Ampara
#CR0001,domestic,Sri Lanka,Navithanveli,D,Copy of courier (1).xlsx,Eastern,Ampara
#CR0001,domestic,Sri Lanka,Nawamedagama,D,Copy of courier (1).xlsx,Eastern,Ampara
#CR0001,domestic,Sri Lanka,Nintavur,D,Copy of courier (1).xlsx,Eastern,Ampara
#CR0001,domestic,Sri Lanka,Oluvil,D,Copy of courier (1).xlsx,Eastern,Ampara
#CR0001,domestic,Sri Lanka,Padiyatalawa,D,Copy of courier (1).xlsx,Eastern,Ampara
#CR0001,domestic,Sri Lanka,Pahalalanda,D,Copy of courier (1).xlsx,Eastern,Ampara
#CR0001,domestic,Sri Lanka,Palamunai,D,Copy of courier (1).xlsx,Eastern,Ampara
#CR0001,domestic,Sri Lanka,Panama,D,Copy of courier (1).xlsx,Eastern,Ampara
#CR0001,domestic,Sri Lanka,Pannalagama,D,Copy of courier (1).xlsx,Eastern,Ampara
#CR0001,domestic,Sri Lanka,Paragahakele,D,Copy of courier (1).xlsx,Eastern,Ampara
#CR0001,domestic,Sri Lanka,Periyaneelavanai,D,Copy of courier (1).xlsx,Eastern,Ampara
#CR0001,domestic,Sri Lanka,Polwaga Janapadaya,D,Copy of courier (1).xlsx,Eastern,Ampara
#CR0001,domestic,Sri Lanka,Pottuvil,D,Copy of courier (1).xlsx,Eastern,Ampara
#CR0001,domestic,Sri Lanka,Rajagalatenna,D,Copy of courier (1).xlsx,Eastern,Ampara
#CR0001,domestic,Sri Lanka,Sainthamaruthu,D,Copy of courier (1).xlsx,Eastern,Ampara
#CR0001,domestic,Sri Lanka,Samanthurai,D,Copy of courier (1).xlsx,Eastern,Ampara
#CR0001,domestic,Sri Lanka,Serankada,D,Copy of courier (1).xlsx,Eastern,Ampara
#CR0001,domestic,Sri Lanka,Siripura,D,Copy of courier (1).xlsx,Eastern,Ampara
#CR0001,domestic,Sri Lanka,Siyambalawewa,D,Copy of courier (1).xlsx,Eastern,Ampara
#CR0001,domestic,Sri Lanka,Tempitiya,D,Copy of courier (1).xlsx,Eastern,Ampara
#CR0001,domestic,Sri Lanka,Thambiluvil,D,Copy of courier (1).xlsx,Eastern,Ampara
#CR0001,domestic,Sri Lanka,Tirukovil,D,Copy of courier (1).xlsx,Eastern,Ampara
#CR0001,domestic,Sri Lanka,Uhana,D,Copy of courier (1).xlsx,Eastern,Ampara
#CR0001,domestic,Sri Lanka,Wadinagala,D,Copy of courier (1).xlsx,Eastern,Ampara
#CR0001,domestic,Sri Lanka,Wanagamuwa,D,Copy of courier (1).xlsx,Eastern,Ampara
#CR0001,domestic,Sri Lanka,Werunketagoda,D,Copy of courier (1).xlsx,Eastern,Ampara
#CR0001,domestic,Sri Lanka,Ampilanthurai,D,Copy of courier (1).xlsx,Eastern,Batticaloa
#CR0001,domestic,Sri Lanka,Araipattai,D,Copy of courier (1).xlsx,Eastern,Batticaloa
#CR0001,domestic,Sri Lanka,Ayithiyamalai,D,Copy of courier (1).xlsx,Eastern,Batticaloa
#CR0001,domestic,Sri Lanka,Bakiella,D,Copy of courier (1).xlsx,Eastern,Batticaloa
#CR0001,domestic,Sri Lanka,Batticaloa,D,Copy of courier (1).xlsx,Eastern,Batticaloa
#CR0001,domestic,Sri Lanka,Cheddipalayam,D,Copy of courier (1).xlsx,Eastern,Batticaloa
#CR0001,domestic,Sri Lanka,Chenkaladi,D,Copy of courier (1).xlsx,Eastern,Batticaloa
#CR0001,domestic,Sri Lanka,Eravur,D,Copy of courier (1).xlsx,Eastern,Batticaloa
#CR0001,domestic,Sri Lanka,Kalkudah,D,Copy of courier (1).xlsx,Eastern,Batticaloa
#CR0001,domestic,Sri Lanka,Kallar,D,Copy of courier (1).xlsx,Eastern,Batticaloa
#CR0001,domestic,Sri Lanka,Kaluwanchikudi,D,Copy of courier (1).xlsx,Eastern,Batticaloa
#CR0001,domestic,Sri Lanka,Kaluwankemy,D,Copy of courier (1).xlsx,Eastern,Batticaloa
#CR0001,domestic,Sri Lanka,Kannankudah,D,Copy of courier (1).xlsx,Eastern,Batticaloa
#CR0001,domestic,Sri Lanka,Karadiyanaru,D,Copy of courier (1).xlsx,Eastern,Batticaloa
#CR0001,domestic,Sri Lanka,Kathiraveli,D,Copy of courier (1).xlsx,Eastern,Batticaloa
#CR0001,domestic,Sri Lanka,Kattankudi,D,Copy of courier (1).xlsx,Eastern,Batticaloa
#CR0001,domestic,Sri Lanka,Kiran,D,Copy of courier (1).xlsx,Eastern,Batticaloa
#CR0001,domestic,Sri Lanka,Kirankulam,D,Copy of courier (1).xlsx,Eastern,Batticaloa
#CR0001,domestic,Sri Lanka,Koddaikallar,D,Copy of courier (1).xlsx,Eastern,Batticaloa
#CR0001,domestic,Sri Lanka,Kokkaddichcholai,D,Copy of courier (1).xlsx,Eastern,Batticaloa
#CR0001,domestic,Sri Lanka,Kurukkalmadam,D,Copy of courier (1).xlsx,Eastern,Batticaloa
#CR0001,domestic,Sri Lanka,Mandur,D,Copy of courier (1).xlsx,Eastern,Batticaloa
#CR0001,domestic,Sri Lanka,Mankemi,D,Copy of courier (1).xlsx,Eastern,Batticaloa
#CR0001,domestic,Sri Lanka,Miravodai,D,Copy of courier (1).xlsx,Eastern,Batticaloa
#CR0001,domestic,Sri Lanka,Murakottanchanai,D,Copy of courier (1).xlsx,Eastern,Batticaloa
#CR0001,domestic,Sri Lanka,Navagirinagar,D,Copy of courier (1).xlsx,Eastern,Batticaloa
#CR0001,domestic,Sri Lanka,Navatkadu,D,Copy of courier (1).xlsx,Eastern,Batticaloa
#CR0001,domestic,Sri Lanka,Oddamavadi,D,Copy of courier (1).xlsx,Eastern,Batticaloa
#CR0001,domestic,Sri Lanka,Panichankemi,D,Copy of courier (1).xlsx,Eastern,Batticaloa
#CR0001,domestic,Sri Lanka,Pankudavely,D,Copy of courier (1).xlsx,Eastern,Batticaloa
#CR0001,domestic,Sri Lanka,Periyaporativu,D,Copy of courier (1).xlsx,Eastern,Batticaloa
#CR0001,domestic,Sri Lanka,Periyapullumalai,D,Copy of courier (1).xlsx,Eastern,Batticaloa
#CR0001,domestic,Sri Lanka,Pillaiyaradi,D,Copy of courier (1).xlsx,Eastern,Batticaloa
#CR0001,domestic,Sri Lanka,Punanai,D,Copy of courier (1).xlsx,Eastern,Batticaloa
#CR0001,domestic,Sri Lanka,Puthukudiyiruppu,D,Copy of courier (1).xlsx,Eastern,Batticaloa
#CR0001,domestic,Sri Lanka,Thannamunai,D,Copy of courier (1).xlsx,Eastern,Batticaloa
#CR0001,domestic,Sri Lanka,Thettativu,D,Copy of courier (1).xlsx,Eastern,Batticaloa
#CR0001,domestic,Sri Lanka,Thikkodai,D,Copy of courier (1).xlsx,Eastern,Batticaloa
#CR0001,domestic,Sri Lanka,Thirupalugamam,D,Copy of courier (1).xlsx,Eastern,Batticaloa
#CR0001,domestic,Sri Lanka,Thuraineelavanai,D,Copy of courier (1).xlsx,Eastern,Batticaloa
#CR0001,domestic,Sri Lanka,Unnichchai,D,Copy of courier (1).xlsx,Eastern,Batticaloa
#CR0001,domestic,Sri Lanka,Vakaneri,D,Copy of courier (1).xlsx,Eastern,Batticaloa
#CR0001,domestic,Sri Lanka,Vakarai,D,Copy of courier (1).xlsx,Eastern,Batticaloa
#CR0001,domestic,Sri Lanka,Valaichenai,D,Copy of courier (1).xlsx,Eastern,Batticaloa
#CR0001,domestic,Sri Lanka,Vantharumoolai,D,Copy of courier (1).xlsx,Eastern,Batticaloa
#CR0001,domestic,Sri Lanka,Vellavely,D,Copy of courier (1).xlsx,Eastern,Batticaloa
#CR0001,domestic,Sri Lanka,Agbopura,D,Copy of courier (1).xlsx,Eastern,Trincomalee
#CR0001,domestic,Sri Lanka,Buckmigama,D,Copy of courier (1).xlsx,Eastern,Trincomalee
#CR0001,domestic,Sri Lanka,Chinabay,D,Copy of courier (1).xlsx,Eastern,Trincomalee
#CR0001,domestic,Sri Lanka,Dehiwatte,D,Copy of courier (1).xlsx,Eastern,Trincomalee
#CR0001,domestic,Sri Lanka,Echchilampattai,D,Copy of courier (1).xlsx,Eastern,Trincomalee
#CR0001,domestic,Sri Lanka,Galmetiyawa,D,Copy of courier (1).xlsx,Eastern,Trincomalee
#CR0001,domestic,Sri Lanka,Gomarankadawala,D,Copy of courier (1).xlsx,Eastern,Trincomalee
#CR0001,domestic,Sri Lanka,Kaddaiparichchan,D,Copy of courier (1).xlsx,Eastern,Trincomalee
#CR0001,domestic,Sri Lanka,Kanniya,D,Copy of courier (1).xlsx,Eastern,Trincomalee
#CR0001,domestic,Sri Lanka,Kantalai,D,Copy of courier (1).xlsx,Eastern,Trincomalee
#CR0001,domestic,Sri Lanka,Kantalai Sugar Factory,D,Copy of courier (1).xlsx,Eastern,Trincomalee
#CR0001,domestic,Sri Lanka,Kiliveddy,D,Copy of courier (1).xlsx,Eastern,Trincomalee
#CR0001,domestic,Sri Lanka,Kinniya,D,Copy of courier (1).xlsx,Eastern,Trincomalee
#CR0001,domestic,Sri Lanka,Kuchchaveli,D,Copy of courier (1).xlsx,Eastern,Trincomalee
#CR0001,domestic,Sri Lanka,Kumburupiddy,D,Copy of courier (1).xlsx,Eastern,Trincomalee
#CR0001,domestic,Sri Lanka,Kurinchakemy,D,Copy of courier (1).xlsx,Eastern,Trincomalee
#CR0001,domestic,Sri Lanka,Lankapatuna,D,Copy of courier (1).xlsx,Eastern,Trincomalee
#CR0001,domestic,Sri Lanka,Mahadivulwewa,D,Copy of courier (1).xlsx,Eastern,Trincomalee
#CR0001,domestic,Sri Lanka,Maharugiramam,D,Copy of courier (1).xlsx,Eastern,Trincomalee
#CR0001,domestic,Sri Lanka,Mallikativu,D,Copy of courier (1).xlsx,Eastern,Trincomalee
#CR0001,domestic,Sri Lanka,Mawadichenai,D,Copy of courier (1).xlsx,Eastern,Trincomalee
#CR0001,domestic,Sri Lanka,Mullipothana,D,Copy of courier (1).xlsx,Eastern,Trincomalee
#CR0001,domestic,Sri Lanka,Mutur,D,Copy of courier (1).xlsx,Eastern,Trincomalee
#CR0001,domestic,Sri Lanka,Neelapola,D,Copy of courier (1).xlsx,Eastern,Trincomalee
#CR0001,domestic,Sri Lanka,Nilaveli,D,Copy of courier (1).xlsx,Eastern,Trincomalee
#CR0001,domestic,Sri Lanka,Pankulam,D,Copy of courier (1).xlsx,Eastern,Trincomalee
#CR0001,domestic,Sri Lanka,Rottawewa,D,Copy of courier (1).xlsx,Eastern,Trincomalee
#CR0001,domestic,Sri Lanka,Sampaltivu,D,Copy of courier (1).xlsx,Eastern,Trincomalee
#CR0001,domestic,Sri Lanka,Sampur,D,Copy of courier (1).xlsx,Eastern,Trincomalee
#CR0001,domestic,Sri Lanka,Serunuwara,D,Copy of courier (1).xlsx,Eastern,Trincomalee
#CR0001,domestic,Sri Lanka,Seruwila,D,Copy of courier (1).xlsx,Eastern,Trincomalee
#CR0001,domestic,Sri Lanka,Sirajnagar,D,Copy of courier (1).xlsx,Eastern,Trincomalee
#CR0001,domestic,Sri Lanka,Somapura,D,Copy of courier (1).xlsx,Eastern,Trincomalee
#CR0001,domestic,Sri Lanka,Tampalakamam,D,Copy of courier (1).xlsx,Eastern,Trincomalee
#CR0001,domestic,Sri Lanka,Tiriyayi,D,Copy of courier (1).xlsx,Eastern,Trincomalee
#CR0001,domestic,Sri Lanka,Toppur,D,Copy of courier (1).xlsx,Eastern,Trincomalee
#CR0001,domestic,Sri Lanka,Trincomalee,D,Copy of courier (1).xlsx,Eastern,Trincomalee
#CR0001,domestic,Sri Lanka,Vellamanal,D,Copy of courier (1).xlsx,Eastern,Trincomalee
#CR0001,domestic,Sri Lanka,Wanela,D,Copy of courier (1).xlsx,Eastern,Trincomalee
#CR0001,domestic,Sri Lanka,Allaipiddi,D,Copy of courier (1).xlsx,Nothern,Jaffna
#CR0001,domestic,Sri Lanka,Allaveddi,D,Copy of courier (1).xlsx,Nothern,Jaffna
#CR0001,domestic,Sri Lanka,Alvai,D,Copy of courier (1).xlsx,Nothern,Jaffna
#CR0001,domestic,Sri Lanka,Anaicoddai,D,Copy of courier (1).xlsx,Nothern,Jaffna
#CR0001,domestic,Sri Lanka,Analaitivu,D,Copy of courier (1).xlsx,Nothern,Jaffna
#CR0001,domestic,Sri Lanka,Atchuveli,D,Copy of courier (1).xlsx,Nothern,Jaffna
#CR0001,domestic,Sri Lanka,Chankanai,D,Copy of courier (1).xlsx,Nothern,Jaffna
#CR0001,domestic,Sri Lanka,Chavakachcheri,D,Copy of courier (1).xlsx,Nothern,Jaffna
#CR0001,domestic,Sri Lanka,Chullipuram,D,Copy of courier (1).xlsx,Nothern,Jaffna
#CR0001,domestic,Sri Lanka,Chundikuli,D,Copy of courier (1).xlsx,Nothern,Jaffna
#CR0001,domestic,Sri Lanka,Chunnakam,D,Copy of courier (1).xlsx,Nothern,Jaffna
#CR0001,domestic,Sri Lanka,Delft,D,Copy of courier (1).xlsx,Nothern,Jaffna
#CR0001,domestic,Sri Lanka,DelftWest,D,Copy of courier (1).xlsx,Nothern,Jaffna
#CR0001,domestic,Sri Lanka,Eluvaitivu,D,Copy of courier (1).xlsx,Nothern,Jaffna
#CR0001,domestic,Sri Lanka,Erlalai,D,Copy of courier (1).xlsx,Nothern,Jaffna
#CR0001,domestic,Sri Lanka,Jaffna,D,Copy of courier (1).xlsx,Nothern,Jaffna
#CR0001,domestic,Sri Lanka,Kaitadi,D,Copy of courier (1).xlsx,Nothern,Jaffna
#CR0001,domestic,Sri Lanka,Kankesanthurai,D,Copy of courier (1).xlsx,Nothern,Jaffna
#CR0001,domestic,Sri Lanka,Karainagar,D,Copy of courier (1).xlsx,Nothern,Jaffna
#CR0001,domestic,Sri Lanka,Karaveddi,D,Copy of courier (1).xlsx,Nothern,Jaffna
#CR0001,domestic,Sri Lanka,Kayts,D,Copy of courier (1).xlsx,Nothern,Jaffna
#CR0001,domestic,Sri Lanka,Kodikamam,D,Copy of courier (1).xlsx,Nothern,Jaffna
#CR0001,domestic,Sri Lanka,Kokuvil,D,Copy of courier (1).xlsx,Nothern,Jaffna
#CR0001,domestic,Sri Lanka,Kondavil,D,Copy of courier (1).xlsx,Nothern,Jaffna
#CR0001,domestic,Sri Lanka,Kopay,D,Copy of courier (1).xlsx,Nothern,Jaffna
#CR0001,domestic,Sri Lanka,Kudatanai,D,Copy of courier (1).xlsx,Nothern,Jaffna
#CR0001,domestic,Sri Lanka,llavalai,D,Copy of courier (1).xlsx,Nothern,Jaffna
#CR0001,domestic,Sri Lanka,Mallakam,D,Copy of courier (1).xlsx,Nothern,Jaffna
#CR0001,domestic,Sri Lanka,Manipay,D,Copy of courier (1).xlsx,Nothern,Jaffna
#CR0001,domestic,Sri Lanka,Mathagal,D,Copy of courier (1).xlsx,Nothern,Jaffna
#CR0001,domestic,Sri Lanka,Meesalai,D,Copy of courier (1).xlsx,Nothern,Jaffna
#CR0001,domestic,Sri Lanka,Mirusuvil,D,Copy of courier (1).xlsx,Nothern,Jaffna
#CR0001,domestic,Sri Lanka,Nagar Kovil,D,Copy of courier (1).xlsx,Nothern,Jaffna
#CR0001,domestic,Sri Lanka,Nainathivu,D,Copy of courier (1).xlsx,Nothern,Jaffna
#CR0001,domestic,Sri Lanka,Neervely,D,Copy of courier (1).xlsx,Nothern,Jaffna
#CR0001,domestic,Sri Lanka,Pandaterippu,D,Copy of courier (1).xlsx,Nothern,Jaffna
#CR0001,domestic,Sri Lanka,Point Pedro,D,Copy of courier (1).xlsx,Nothern,Jaffna
#CR0001,domestic,Sri Lanka,Pungudutivu,D,Copy of courier (1).xlsx,Nothern,Jaffna
#CR0001,domestic,Sri Lanka,Putur,D,Copy of courier (1).xlsx,Nothern,Jaffna
#CR0001,domestic,Sri Lanka,Sandilipay,D,Copy of courier (1).xlsx,Nothern,Jaffna
#CR0001,domestic,Sri Lanka,Sithankemy,D,Copy of courier (1).xlsx,Nothern,Jaffna
#CR0001,domestic,Sri Lanka,Tellippallai,D,Copy of courier (1).xlsx,Nothern,Jaffna
#CR0001,domestic,Sri Lanka,Thondamanaru,D,Copy of courier (1).xlsx,Nothern,Jaffna
#CR0001,domestic,Sri Lanka,Urumpirai,D,Copy of courier (1).xlsx,Nothern,Jaffna
#CR0001,domestic,Sri Lanka,Vaddukoddai,D,Copy of courier (1).xlsx,Nothern,Jaffna
#CR0001,domestic,Sri Lanka,Valvettithurai,D,Copy of courier (1).xlsx,Nothern,Jaffna
#CR0001,domestic,Sri Lanka,Vannarponnai,D,Copy of courier (1).xlsx,Nothern,Jaffna
#CR0001,domestic,Sri Lanka,Varany,D,Copy of courier (1).xlsx,Nothern,Jaffna
#CR0001,domestic,Sri Lanka,Vasavilan,D,Copy of courier (1).xlsx,Nothern,Jaffna
#CR0001,domestic,Sri Lanka,Velanai,D,Copy of courier (1).xlsx,Nothern,Jaffna
#CR0001,domestic,Sri Lanka,Kilinochchi,D,Copy of courier (1).xlsx,Nothern,Kilinochchi
#CR0001,domestic,Sri Lanka,Adampan,D,Copy of courier (1).xlsx,Nothern,Mannar
#CR0001,domestic,Sri Lanka,Arippu,D,Copy of courier (1).xlsx,Nothern,Mannar
#CR0001,domestic,Sri Lanka,Athimottai,D,Copy of courier (1).xlsx,Nothern,Mannar
#CR0001,domestic,Sri Lanka,Chilavathurai,D,Copy of courier (1).xlsx,Nothern,Mannar
#CR0001,domestic,Sri Lanka,Erukkalampiddy,D,Copy of courier (1).xlsx,Nothern,Mannar
#CR0001,domestic,Sri Lanka,llluppaikadavai,D,Copy of courier (1).xlsx,Nothern,Mannar
#CR0001,domestic,Sri Lanka,Madhu Church,D,Copy of courier (1).xlsx,Nothern,Mannar
#CR0001,domestic,Sri Lanka,Madhu Road,D,Copy of courier (1).xlsx,Nothern,Mannar
#CR0001,domestic,Sri Lanka,Mannar,D,Copy of courier (1).xlsx,Nothern,Mannar
#CR0001,domestic,Sri Lanka,Marichchi Kaddi,D,Copy of courier (1).xlsx,Nothern,Mannar
#CR0001,domestic,Sri Lanka,Murunkan,D,Copy of courier (1).xlsx,Nothern,Mannar
#CR0001,domestic,Sri Lanka,Nanattan,D,Copy of courier (1).xlsx,Nothern,Mannar
#CR0001,domestic,Sri Lanka,P.P.Potkemy,D,Copy of courier (1).xlsx,Nothern,Mannar
#CR0001,domestic,Sri Lanka,Palampiddy,D,Copy of courier (1).xlsx,Nothern,Mannar
#CR0001,domestic,Sri Lanka,Periyakunchikulam,D,Copy of courier (1).xlsx,Nothern,Mannar
#CR0001,domestic,Sri Lanka,Periyamadhu,D,Copy of courier (1).xlsx,Nothern,Mannar
#CR0001,domestic,Sri Lanka,Pesalai,D,Copy of courier (1).xlsx,Nothern,Mannar
#CR0001,domestic,Sri Lanka,Talaimannar,D,Copy of courier (1).xlsx,Nothern,Mannar
#CR0001,domestic,Sri Lanka,Temple,D,Copy of courier (1).xlsx,Nothern,Mannar
#CR0001,domestic,Sri Lanka,Tharapuram,D,Copy of courier (1).xlsx,Nothern,Mannar
#CR0001,domestic,Sri Lanka,Thiruketheeswaram Temple,D,Copy of courier (1).xlsx,Nothern,Mannar
#CR0001,domestic,Sri Lanka,Uyilankulam,D,Copy of courier (1).xlsx,Nothern,Mannar
#CR0001,domestic,Sri Lanka,Vaddakandal,D,Copy of courier (1).xlsx,Nothern,Mannar
#CR0001,domestic,Sri Lanka,Vankalai,D,Copy of courier (1).xlsx,Nothern,Mannar
#CR0001,domestic,Sri Lanka,Vellan Kulam,D,Copy of courier (1).xlsx,Nothern,Mannar
#CR0001,domestic,Sri Lanka,Vidataltivu,D,Copy of courier (1).xlsx,Nothern,Mannar
#CR0001,domestic,Sri Lanka,Alampil,D,Copy of courier (1).xlsx,Nothern,Mullaitivu
#CR0001,domestic,Sri Lanka,Karuppaddamurippu,D,Copy of courier (1).xlsx,Nothern,Mullaitivu
#CR0001,domestic,Sri Lanka,Kokkilai,D,Copy of courier (1).xlsx,Nothern,Mullaitivu
#CR0001,domestic,Sri Lanka,Kokkuthuoduvai,D,Copy of courier (1).xlsx,Nothern,Mullaitivu
#CR0001,domestic,Sri Lanka,Mankulam,D,Copy of courier (1).xlsx,Nothern,Mullaitivu
#CR0001,domestic,Sri Lanka,Mullativu,D,Copy of courier (1).xlsx,Nothern,Mullaitivu
#CR0001,domestic,Sri Lanka,Mullivaikkal,D,Copy of courier (1).xlsx,Nothern,Mullaitivu
#CR0001,domestic,Sri Lanka,Mulliyawalai,D,Copy of courier (1).xlsx,Nothern,Mullaitivu
#CR0001,domestic,Sri Lanka,Muthauyan Kaddakulam,D,Copy of courier (1).xlsx,Nothern,Mullaitivu
#CR0001,domestic,Sri Lanka,Naddan Kandal,D,Copy of courier (1).xlsx,Nothern,Mullaitivu
#CR0001,domestic,Sri Lanka,Odduchudan,D,Copy of courier (1).xlsx,Nothern,Mullaitivu
#CR0001,domestic,Sri Lanka,Puthuvedduvan,D,Copy of courier (1).xlsx,Nothern,Mullaitivu
#CR0001,domestic,Sri Lanka,Thunukkai,D,Copy of courier (1).xlsx,Nothern,Mullaitivu
#CR0001,domestic,Sri Lanka,Udayarkaddu,D,Copy of courier (1).xlsx,Nothern,Mullaitivu
#CR0001,domestic,Sri Lanka,Vavunakkulam,D,Copy of courier (1).xlsx,Nothern,Mullaitivu
#CR0001,domestic,Sri Lanka,Visvamadukulam,D,Copy of courier (1).xlsx,Nothern,Mullaitivu
#CR0001,domestic,Sri Lanka,Yogapuram,D,Copy of courier (1).xlsx,Nothern,Mullaitivu
#CR0001,domestic,Sri Lanka,Akkarayankulam,D,Copy of courier (1).xlsx,Nothern,Vavuniya
#CR0001,domestic,Sri Lanka,Cheddikulam,D,Copy of courier (1).xlsx,Nothern,Vavuniya
#CR0001,domestic,Sri Lanka,Chemamadukkulam,D,Copy of courier (1).xlsx,Nothern,Vavuniya
#CR0001,domestic,Sri Lanka,Elephant Pass,D,Copy of courier (1).xlsx,Nothern,Vavuniya
#CR0001,domestic,Sri Lanka,Eluthumadduval,D,Copy of courier (1).xlsx,Nothern,Vavuniya
#CR0001,domestic,Sri Lanka,Iranai lluppaikulam,D,Copy of courier (1).xlsx,Nothern,Vavuniya
#CR0001,domestic,Sri Lanka,Iranaitiv,D,Copy of courier (1).xlsx,Nothern,Vavuniya
#CR0001,domestic,Sri Lanka,Kanagarayankulam,D,Copy of courier (1).xlsx,Nothern,Vavuniya
#CR0001,domestic,Sri Lanka,Kanavil,D,Copy of courier (1).xlsx,Nothern,Vavuniya
#CR0001,domestic,Sri Lanka,Kandavalai,D,Copy of courier (1).xlsx,Nothern,Vavuniya
#CR0001,domestic,Sri Lanka,Kavutharimunai,D,Copy of courier (1).xlsx,Nothern,Vavuniya
#CR0001,domestic,Sri Lanka,Kilinochchi,D,Copy of courier (1).xlsx,Nothern,Vavuniya
#CR0001,domestic,Sri Lanka,lyakachchi,D,Copy of courier (1).xlsx,Nothern,Vavuniya
#CR0001,domestic,Sri Lanka,Mahakachchakodiya,D,Copy of courier (1).xlsx,Nothern,Vavuniya
#CR0001,domestic,Sri Lanka,Mamaduwa,D,Copy of courier (1).xlsx,Nothern,Vavuniya
#CR0001,domestic,Sri Lanka,Maraiyadithakulam,D,Copy of courier (1).xlsx,Nothern,Vavuniya
#CR0001,domestic,Sri Lanka,Mulliyan,D,Copy of courier (1).xlsx,Nothern,Vavuniya
#CR0001,domestic,Sri Lanka,Murasumoddai,D,Copy of courier (1).xlsx,Nothern,Vavuniya
#CR0001,domestic,Sri Lanka,Nedunkemy,D,Copy of courier (1).xlsx,Nothern,Vavuniya
#CR0001,domestic,Sri Lanka,Neriyakulam,D,Copy of courier (1).xlsx,Nothern,Vavuniya
#CR0001,domestic,Sri Lanka,Omanthai,D,Copy of courier (1).xlsx,Nothern,Vavuniya
#CR0001,domestic,Sri Lanka,Palamoddai,D,Copy of courier (1).xlsx,Nothern,Vavuniya
#CR0001,domestic,Sri Lanka,Pallai,D,Copy of courier (1).xlsx,Nothern,Vavuniya
#CR0001,domestic,Sri Lanka,Pallavarayankaddu,D,Copy of courier (1).xlsx,Nothern,Vavuniya
#CR0001,domestic,Sri Lanka,Pampaimadu,D,Copy of courier (1).xlsx,Nothern,Vavuniya
#CR0001,domestic,Sri Lanka,Paranthan,D,Copy of courier (1).xlsx,Nothern,Vavuniya
#CR0001,domestic,Sri Lanka,Pavaikulam,D,Copy of courier (1).xlsx,Nothern,Vavuniya
#CR0001,domestic,Sri Lanka,Periyathambanai,D,Copy of courier (1).xlsx,Nothern,Vavuniya
#CR0001,domestic,Sri Lanka,Periyaulukkulam,D,Copy of courier (1).xlsx,Nothern,Vavuniya
#CR0001,domestic,Sri Lanka,Purakari Nallur,D,Copy of courier (1).xlsx,Nothern,Vavuniya
#CR0001,domestic,Sri Lanka,Ramanathapuram,D,Copy of courier (1).xlsx,Nothern,Vavuniya
#CR0001,domestic,Sri Lanka,Sasthrikulankulam,D,Copy of courier (1).xlsx,Nothern,Vavuniya
#CR0001,domestic,Sri Lanka,Sivapuram,D,Copy of courier (1).xlsx,Nothern,Vavuniya
#CR0001,domestic,Sri Lanka,Skanthapuram,D,Copy of courier (1).xlsx,Nothern,Vavuniya
#CR0001,domestic,Sri Lanka,Thalayadi,D,Copy of courier (1).xlsx,Nothern,Vavuniya
#CR0001,domestic,Sri Lanka,Tharmapuram,D,Copy of courier (1).xlsx,Nothern,Vavuniya
#CR0001,domestic,Sri Lanka,Uruthirapuram,D,Copy of courier (1).xlsx,Nothern,Vavuniya
#CR0001,domestic,Sri Lanka,Vaddakachchi,D,Copy of courier (1).xlsx,Nothern,Vavuniya
#CR0001,domestic,Sri Lanka,Vannerikkulam,D,Copy of courier (1).xlsx,Nothern,Vavuniya
#CR0001,domestic,Sri Lanka,Varikkuttiyoor,D,Copy of courier (1).xlsx,Nothern,Vavuniya
#CR0001,domestic,Sri Lanka,Vavuniya,D,Copy of courier (1).xlsx,Nothern,Vavuniya
#CR0001,domestic,Sri Lanka,Veravil,D,Copy of courier (1).xlsx,Nothern,Vavuniya
#CR0001,domestic,Sri Lanka,Vinayagapuram,D,Copy of courier (1).xlsx,Nothern,Vavuniya
#CR0001,domestic,LK,Colombo 1 - 15,A,Domestic Zone List.pdf,,
#CR0001,domestic,LK,Athurugiriya,B,Domestic Zone List.pdf,,
#CR0001,domestic,LK,Battaramulla,B,Domestic Zone List.pdf,,
#CR0001,domestic,LK,Batuwatta,B,Domestic Zone List.pdf,,
#CR0001,domestic,LK,Biyagama,B,Domestic Zone List.pdf,,
#CR0001,domestic,LK,Boralesgamuwa,B,Domestic Zone List.pdf,,
#CR0001,domestic,LK,Dehiwala,B,Domestic Zone List.pdf,,
#CR0001,domestic,LK,Demanhandiya,B,Domestic Zone List.pdf,,
#CR0001,domestic,LK,Divulapitiya,B,Domestic Zone List.pdf,,
#CR0001,domestic,LK,Dunagaha,B,Domestic Zone List.pdf,,
#CR0001,domestic,LK,Embuldeniya,B,Domestic Zone List.pdf,,
#CR0001,domestic,LK,GonawalaWP,B,Domestic Zone List.pdf,,
#CR0001,domestic,LK,Habarakada,B,Domestic Zone List.pdf,,
#CR0001,domestic,LK,Heiyanthuduwa,B,Domestic Zone List.pdf,,
#CR0001,domestic,LK,Hendala,B,Domestic Zone List.pdf,,
#CR0001,domestic,LK,Hokandara,B,Domestic Zone List.pdf,,
#CR0001,domestic,LK,Homagama,B,Domestic Zone List.pdf,,
#CR0001,domestic,LK,Hunumulla,B,Domestic Zone List.pdf,,
#CR0001,domestic,LK,Ja-Ela,B,Domestic Zone List.pdf,,
#CR0001,domestic,LK,Kadawatha,B,Domestic Zone List.pdf,,
#CR0001,domestic,LK,Kaduwela,B,Domestic Zone List.pdf,,
#CR0001,domestic,LK,Kalubowila,B,Domestic Zone List.pdf,,
#CR0001,domestic,LK,Kandana,B,Domestic Zone List.pdf,,
#CR0001,domestic,LK,Kapuwatta,B,Domestic Zone List.pdf,,
#CR0001,domestic,LK,Katana,B,Domestic Zone List.pdf,,
#CR0001,domestic,LK,Katunayake,B,Domestic Zone List.pdf,,
#CR0001,domestic,LK,Katuwellegama,B,Domestic Zone List.pdf,,
#CR0001,domestic,LK,Kelaniya,B,Domestic Zone List.pdf,,
#CR0001,domestic,LK,Kimbulapitiya,B,Domestic Zone List.pdf,,
#CR0001,domestic,LK,Kiribathgoda,B,Domestic Zone List.pdf,,
#CR0001,domestic,LK,Kochchikade,B,Domestic Zone List.pdf,,
#CR0001,domestic,LK,Kohuwala,B,Domestic Zone List.pdf,,
#CR0001,domestic,LK,Kottawa,B,Domestic Zone List.pdf,,
#CR0001,domestic,LK,Kotugoda,B,Domestic Zone List.pdf,,
#CR0001,domestic,LK,Mahabage,B,Domestic Zone List.pdf,,
#CR0001,domestic,LK,Maharagama,B,Domestic Zone List.pdf,,
#CR0001,domestic,LK,Makola,B,Domestic Zone List.pdf,,
#CR0001,domestic,LK,Malabe,B,Domestic Zone List.pdf,,
#CR0001,domestic,LK,Malwana,B,Domestic Zone List.pdf,,
#CR0001,domestic,LK,Marandagahamula,B,Domestic Zone List.pdf,,
#CR0001,domestic,LK,Moratuwa,B,Domestic Zone List.pdf,,
#CR0001,domestic,LK,Mount Lavinia,B,Domestic Zone List.pdf,,
#CR0001,domestic,LK,Negombo,B,Domestic Zone List.pdf,,
#CR0001,domestic,LK,Nugegoda,B,Domestic Zone List.pdf,,
#CR0001,domestic,LK,Panadura,B,Domestic Zone List.pdf,,
#CR0001,domestic,LK,Pannipitiya,B,Domestic Zone List.pdf,,
#CR0001,domestic,LK,Peliyagoda,B,Domestic Zone List.pdf,,
#CR0001,domestic,LK,Pethiyagoda,B,Domestic Zone List.pdf,,
#CR0001,domestic,LK,Pita Kotte,B,Domestic Zone List.pdf,,
#CR0001,domestic,LK,Pitipana Homagama,B,Domestic Zone List.pdf,,
#CR0001,domestic,LK,Raddolugama,B,Domestic Zone List.pdf,,
#CR0001,domestic,LK,Ragama,B,Domestic Zone List.pdf,,
#CR0001,domestic,LK,Rajagiriya,B,Domestic Zone List.pdf,,
#CR0001,domestic,LK,Ratmalana,B,Domestic Zone List.pdf,,
#CR0001,domestic,LK,Rukmale,B,Domestic Zone List.pdf,,
#CR0001,domestic,LK,Seeduwa,B,Domestic Zone List.pdf,,
#CR0001,domestic,LK,Siyambalape,B,Domestic Zone List.pdf,,
#CR0001,domestic,LK,Sri Jayewardenepura,B,Domestic Zone List.pdf,,
#CR0001,domestic,LK,Talahena,B,Domestic Zone List.pdf,,
#CR0001,domestic,LK,Talawatugoda,B,Domestic Zone List.pdf,,
#CR0001,domestic,LK,Thimbirigaskatuwa,B,Domestic Zone List.pdf,,
#CR0001,domestic,LK,Wattala,B,Domestic Zone List.pdf,,
#CR0001,domestic,LK,Weboda,B,Domestic Zone List.pdf,,
#CR0001,domestic,LK,Wijerama,B,Domestic Zone List.pdf,,
#CR0001,domestic,LK,Akaragama,C,Domestic Zone List.pdf,,
#CR0001,domestic,LK,Akarawita,C,Domestic Zone List.pdf,,
#CR0001,domestic,LK,Akmeemana,C,Domestic Zone List.pdf,,
#CR0001,domestic,LK,Akurana,C,Domestic Zone List.pdf,,
#CR0001,domestic,LK,Alankerny,C,Domestic Zone List.pdf,,
#CR0001,domestic,LK,Alawatugoda,C,Domestic Zone List.pdf,,
#CR0001,domestic,LK,Alawwa,C,Domestic Zone List.pdf,,
#CR0001,domestic,LK,Alubomulla,C,Domestic Zone List.pdf,,
#CR0001,domestic,LK,Alutgama,C,Domestic Zone List.pdf,,
#CR0001,domestic,LK,Alutwewa,C,Domestic Zone List.pdf,,
#CR0001,domestic,LK,Alwatta,C,Domestic Zone List.pdf,,
#CR0001,domestic,LK,Ambagaspitiya,C,Domestic Zone List.pdf,,
#CR0001,domestic,LK,Ambakandawila,C,Domestic Zone List.pdf,,
#CR0001,domestic,LK,Ambakote,C,Domestic Zone List.pdf,,
#CR0001,domestic,LK,Ambalantota,C,Domestic Zone List.pdf,,
#CR0001,domestic,LK,Ambana,C,Domestic Zone List.pdf,,
#CR0001,domestic,LK,Ambanpola,C,Domestic Zone List.pdf,,
#CR0001,domestic,LK,Ambatenna,C,Domestic Zone List.pdf,,
#CR0001,domestic,LK,Ambepussa,C,Domestic Zone List.pdf,,
#CR0001,domestic,LK,Ambewela,C,Domestic Zone List.pdf,,
#CR0001,domestic,LK,Ambulugala,C,Domestic Zone List.pdf,,
#CR0001,domestic,LK,Ampalkulam,C,Domestic Zone List.pdf,,
#CR0001,domestic,LK,Ampara,C,Domestic Zone List.pdf,,
#CR0001,domestic,LK,Ampitiya,C,Domestic Zone List.pdf,,
#CR0001,domestic,LK,Anamaduwa,C,Domestic Zone List.pdf,,
#CR0001,domestic,LK,Anangoda,C,Domestic Zone List.pdf,,
#CR0001,domestic,LK,Andiambalama,C,Domestic Zone List.pdf,,
#CR0001,domestic,LK,Angoda,C,Domestic Zone List.pdf,,
#CR0001,domestic,LK,Angunawila,C,Domestic Zone List.pdf,,
#CR0001,domestic,LK,Anhandiya,C,Domestic Zone List.pdf,,
#CR0001,domestic,LK,Ankokkawala,C,Domestic Zone List.pdf,,
#CR0001,domestic,LK,Anukkane,C,Domestic Zone List.pdf,,
#CR0001,domestic,LK,Anuradhapura,C,Domestic Zone List.pdf,,
#CR0001,domestic,LK,Aragoda,C,Domestic Zone List.pdf,,
#CR0001,domestic,LK,Araipattai,C,Domestic Zone List.pdf,,
#CR0001,domestic,LK,Aralaganwila,C,Domestic Zone List.pdf,,
#CR0001,domestic,LK,Arangala,C,Domestic Zone List.pdf,,
#CR0001,domestic,LK,Aselapura,C,Domestic Zone List.pdf,,
#CR0001,domestic,LK,Ataragalla,C,Domestic Zone List.pdf,,
#CR0001,domestic,LK,Attanagalla,C,Domestic Zone List.pdf,,
#CR0001,domestic,LK,Attanakadawala,C,Domestic Zone List.pdf,,
#CR0001,domestic,LK,Attawilluwa,C,Domestic Zone List.pdf,,
#CR0001,domestic,LK,Avissawella,C,Domestic Zone List.pdf,,
#CR0001,domestic,LK,Awulegama,C,Domestic Zone List.pdf,,
#CR0001,domestic,LK,Badalgama,C,Domestic Zone List.pdf,,
#CR0001,domestic,LK,Badulla,C,Domestic Zone List.pdf,,
#CR0001,domestic,LK,Balalla,C,Domestic Zone List.pdf,,
#CR0001,domestic,LK,Balana,C,Domestic Zone List.pdf,,
#CR0001,domestic,LK,Balangoda,C,Domestic Zone List.pdf,,
#CR0001,domestic,LK,Balapitiya,C,Domestic Zone List.pdf,,
#CR0001,domestic,LK,Bamunukotuwa,C,Domestic Zone List.pdf,,
#CR0001,domestic,LK,Bandara Koswatta,C,Domestic Zone List.pdf,,
#CR0001,domestic,LK,Bandaragama,C,Domestic Zone List.pdf,,
#CR0001,domestic,LK,Bandarawela,C,Domestic Zone List.pdf,,
#CR0001,domestic,LK,Banduragoda,C,Domestic Zone List.pdf,,
#CR0001,domestic,LK,Bangadeniya,C,Domestic Zone List.pdf,,
#CR0001,domestic,LK,Batawala,C,Domestic Zone List.pdf,,
#CR0001,domestic,LK,Batticaloa,C,Domestic Zone List.pdf,,
#CR0001,domestic,LK,Battuluoya,C,Domestic Zone List.pdf,,
#CR0001,domestic,LK,Batugampola,C,Domestic Zone List.pdf,,
#CR0001,domestic,LK,Batugoda,C,Domestic Zone List.pdf,,
#CR0001,domestic,LK,Batuwita,C,Domestic Zone List.pdf,,
#CR0001,domestic,LK,Belihuloya,C,Domestic Zone List.pdf,,
#CR0001,domestic,LK,Bemmulla,C,Domestic Zone List.pdf,,
#CR0001,domestic,LK,Bentota,C,Domestic Zone List.pdf,,
#CR0001,domestic,LK,Beruwala,C,Domestic Zone List.pdf,,
#CR0001,domestic,LK,Bingiriya,C,Domestic Zone List.pdf,,
#CR0001,domestic,LK,Bogamulla,C,Domestic Zone List.pdf,,
#CR0001,domestic,LK,Bokalagama,C,Domestic Zone List.pdf,,
#CR0001,domestic,LK,Bolossagama,C,Domestic Zone List.pdf,,
#CR0001,domestic,LK,Bombuwala,C,Domestic Zone List.pdf,,
#CR0001,domestic,LK,Boossa,C,Domestic Zone List.pdf,,
#CR0001,domestic,LK,Bopagama,C,Domestic Zone List.pdf,,
#CR0001,domestic,LK,Bopagoda,C,Domestic Zone List.pdf,,
#CR0001,domestic,LK,Bope,C,Domestic Zone List.pdf,,
#CR0001,domestic,LK,Bopitiya,C,Domestic Zone List.pdf,,
#CR0001,domestic,LK,Boralugoda,C,Domestic Zone List.pdf,,
#CR0001,domestic,LK,Boraluwewa,C,Domestic Zone List.pdf,,
#CR0001,domestic,LK,Boyagane,C,Domestic Zone List.pdf,,
#CR0001,domestic,LK,Bujjampola,C,Domestic Zone List.pdf,,
#CR0001,domestic,LK,Bujjomuwa,C,Domestic Zone List.pdf,,
#CR0001,domestic,LK,Buluwala,C,Domestic Zone List.pdf,,
#CR0001,domestic,LK,Buthpitiya,C,Domestic Zone List.pdf,,
#CR0001,domestic,LK,Chenkaladi,C,Domestic Zone List.pdf,,
#CR0001,domestic,LK,Chilaw,C,Domestic Zone List.pdf,,
#CR0001,domestic,LK,Chinabay,C,Domestic Zone List.pdf,,
#CR0001,domestic,LK,Chundikuli,C,Domestic Zone List.pdf,,
#CR0001,domestic,LK,Chunnakam,C,Domestic Zone List.pdf,,
#CR0001,domestic,LK,Dagonna,C,Domestic Zone List.pdf,,
#CR0001,domestic,LK,Dambadeniya,C,Domestic Zone List.pdf,,
#CR0001,domestic,LK,Dambulla,C,Domestic Zone List.pdf,,
#CR0001,domestic,LK,Damminna,C,Domestic Zone List.pdf,,
#CR0001,domestic,LK,Damunupola,C,Domestic Zone List.pdf,,
#CR0001,domestic,LK,Dankotuwa,C,Domestic Zone List.pdf,,
#CR0001,domestic,LK,Danowita,C,Domestic Zone List.pdf,,
#CR0001,domestic,LK,Danture,C,Domestic Zone List.pdf,,
#CR0001,domestic,LK,Daraluwa,C,Domestic Zone List.pdf,,
#CR0001,domestic,LK,Dedigamuwa,C,Domestic Zone List.pdf,,
#CR0001,domestic,LK,Deegalla,C,Domestic Zone List.pdf,,
#CR0001,domestic,LK,Dehiowita,C,Domestic Zone List.pdf,,
#CR0001,domestic,LK,Dekatana,C,Domestic Zone List.pdf,,
#CR0001,domestic,LK,Delgoda,C,Domestic Zone List.pdf,,
#CR0001,domestic,LK,Deltara,C,Domestic Zone List.pdf,,
#CR0001,domestic,LK,Delwagura,C,Domestic Zone List.pdf,,
#CR0001,domestic,LK,Delwite,C,Domestic Zone List.pdf,,
#CR0001,domestic,LK,Demataluwa,C,Domestic Zone List.pdf,,
#CR0001,domestic,LK,Demodara,C,Domestic Zone List.pdf,,
#CR0001,domestic,LK,Denipitiya,C,Domestic Zone List.pdf,,
#CR0001,domestic,LK,Dewahuwa,C,Domestic Zone List.pdf,,
#CR0001,domestic,LK,Dewalapola,C,Domestic Zone List.pdf,,
#CR0001,domestic,LK,Dewanagala,C,Domestic Zone List.pdf,,
#CR0001,domestic,LK,Dharga Town,C,Domestic Zone List.pdf,,
#CR0001,domestic,LK,Diddeniya,C,Domestic Zone List.pdf,,
#CR0001,domestic,LK,Digannewa,C,Domestic Zone List.pdf,,
#CR0001,domestic,LK,Dikoya,C,Domestic Zone List.pdf,,
#CR0001,domestic,LK,Dikwella,C,Domestic Zone List.pdf,,
#CR0001,domestic,LK,Dimbulagala,C,Domestic Zone List.pdf,,
#CR0001,domestic,LK,Divulankadawala,C,Domestic Zone List.pdf,,
#CR0001,domestic,LK,Divuldamana,C,Domestic Zone List.pdf,,
#CR0001,domestic,LK,Divullegoda,C,Domestic Zone List.pdf,,
#CR0001,domestic,LK,Diyabeduma,C,Domestic Zone List.pdf,,
#CR0001,domestic,LK,Diyagaha,C,Domestic Zone List.pdf,,
#CR0001,domestic,LK,Diyasenpura,C,Domestic Zone List.pdf,,
#CR0001,domestic,LK,Dodanduwa,C,Domestic Zone List.pdf,,
#CR0001,domestic,LK,Dodangaslanda,C,Domestic Zone List.pdf,,
#CR0001,domestic,LK,Dodangoda,C,Domestic Zone List.pdf,,
#CR0001,domestic,LK,Dompe,C,Domestic Zone List.pdf,,
#CR0001,domestic,LK,Doratiyawa,C,Domestic Zone List.pdf,,
#CR0001,domestic,LK,Dummalasuriya,C,Domestic Zone List.pdf,,
#CR0001,domestic,LK,Eheliyagoda,C,Domestic Zone List.pdf,,
#CR0001,domestic,LK,Ehetuwewa,C,Domestic Zone List.pdf,,
#CR0001,domestic,LK,Ekala,C,Domestic Zone List.pdf,,
#CR0001,domestic,LK,Elibichchiya,C,Domestic Zone List.pdf,,
#CR0001,domestic,LK,Ella,C,Domestic Zone List.pdf,,
#CR0001,domestic,LK,Elpitiya,C,Domestic Zone List.pdf,,
#CR0001,domestic,LK,Embilipitiya,C,Domestic Zone List.pdf,,
#CR0001,domestic,LK,Embogama,C,Domestic Zone List.pdf,,
#CR0001,domestic,LK,Ettampitiya,C,Domestic Zone List.pdf,,
#CR0001,domestic,LK,Etungahakotuwa,C,Domestic Zone List.pdf,,
#CR0001,domestic,LK,Galabedda,C,Domestic Zone List.pdf,,
#CR0001,domestic,LK,Galagedara,C,Domestic Zone List.pdf,,
#CR0001,domestic,LK,Galamuna,C,Domestic Zone List.pdf,,
#CR0001,domestic,LK,Galewela,C,Domestic Zone List.pdf,,
#CR0001,domestic,LK,Galigamuwa Town,C,Domestic Zone List.pdf,,
#CR0001,domestic,LK,Galle,C,Domestic Zone List.pdf,,
#CR0001,domestic,LK,Gallewa,C,Domestic Zone List.pdf,,
#CR0001,domestic,LK,Galoya Junction,C,Domestic Zone List.pdf,,
#CR0001,domestic,LK,Galpatha,C,Domestic Zone List.pdf,,
#CR0001,domestic,LK,Gamagoda,C,Domestic Zone List.pdf,,
#CR0001,domestic,LK,Gampaha,C,Domestic Zone List.pdf,,
#CR0001,domestic,LK,Gampola,C,Domestic Zone List.pdf,,
#CR0001,domestic,LK,Ganemulla,C,Domestic Zone List.pdf,,
#CR0001,domestic,LK,Gelioya,C,Domestic Zone List.pdf,,
#CR0001,domestic,LK,Getahetta,C,Domestic Zone List.pdf,,
#CR0001,domestic,LK,Ginigathena,C,Domestic Zone List.pdf,,
#CR0001,domestic,LK,Gintota,C,Domestic Zone List.pdf,,
#CR0001,domestic,LK,Giritale,C,Domestic Zone List.pdf,,
#CR0001,domestic,LK,Giriulla,C,Domestic Zone List.pdf,,
#CR0001,domestic,LK,Gokaralla,C,Domestic Zone List.pdf,,
#CR0001,domestic,LK,Gonapola Junction,C,Domestic Zone List.pdf,,
#CR0001,domestic,LK,Gonawila,C,Domestic Zone List.pdf,,
#CR0001,domestic,LK,Gunnepana,C,Domestic Zone List.pdf,,
#CR0001,domestic,LK,Habaraduwa,C,Domestic Zone List.pdf,,
#CR0001,domestic,LK,Habarana,C,Domestic Zone List.pdf,,
#CR0001,domestic,LK,Hali Ela,C,Domestic Zone List.pdf,,
#CR0001,domestic,LK,Halloluwa,C,Domestic Zone List.pdf,,
#CR0001,domestic,LK,Halmillawa Dambulla,C,Domestic Zone List.pdf,,
#CR0001,domestic,LK,Halmillawewa,C,Domestic Zone List.pdf,,
#CR0001,domestic,LK,Hambantota,C,Domestic Zone List.pdf,,
#CR0001,domestic,LK,Handapangoda,C,Domestic Zone List.pdf,,
#CR0001,domestic,LK,Hanwella,C,Domestic Zone List.pdf,,
#CR0001,domestic,LK,Haputale,C,Domestic Zone List.pdf,,
#CR0001,domestic,LK,Hatton,C,Domestic Zone List.pdf,,
#CR0001,domestic,LK,Hengamuwa,C,Domestic Zone List.pdf,,
#CR0001,domestic,LK,Hettipola,C,Domestic Zone List.pdf,,
#CR0001,domestic,LK,Hidellana,C,Domestic Zone List.pdf,,
#CR0001,domestic,LK,Hikkaduwa,C,Domestic Zone List.pdf,,
#CR0001,domestic,LK,Hilogama,C,Domestic Zone List.pdf,,
#CR0001,domestic,LK,Hindagala,C,Domestic Zone List.pdf,,
#CR0001,domestic,LK,Hindagolla,C,Domestic Zone List.pdf,,
#CR0001,domestic,LK,Hingurakgoda,C,Domestic Zone List.pdf,,
#CR0001,domestic,LK,Hiripitya,C,Domestic Zone List.pdf,,
#CR0001,domestic,LK,Hiriwadunna,C,Domestic Zone List.pdf,,
#CR0001,domestic,LK,Hiriyala Lenawa,C,Domestic Zone List.pdf,,
#CR0001,domestic,LK,Hiruwalpola,C,Domestic Zone List.pdf,,
#CR0001,domestic,LK,Horagala,C,Domestic Zone List.pdf,,
#CR0001,domestic,LK,Horambawa,C,Domestic Zone List.pdf,,
#CR0001,domestic,LK,Horampella,C,Domestic Zone List.pdf,,
#CR0001,domestic,LK,Horana,C,Domestic Zone List.pdf,,
#CR0001,domestic,LK,Hulogedara,C,Domestic Zone List.pdf,,
#CR0001,domestic,LK,Hulugalla,C,Domestic Zone List.pdf,,
#CR0001,domestic,LK,Hunupola,C,Domestic Zone List.pdf,,
#CR0001,domestic,LK,Ibbagamuwa,C,Domestic Zone List.pdf,,
#CR0001,domestic,LK,Ihala Gomugomuwa,C,Domestic Zone List.pdf,,
#CR0001,domestic,LK,Ihala Kadigamuwa,C,Domestic Zone List.pdf,,
#CR0001,domestic,LK,Ihala Katugampala,C,Domestic Zone List.pdf,,
#CR0001,domestic,LK,Ihala Madampella,C,Domestic Zone List.pdf,,
#CR0001,domestic,LK,Imbulgoda,C,Domestic Zone List.pdf,,
#CR0001,domestic,LK,Inamaluwa,C,Domestic Zone List.pdf,,
#CR0001,domestic,LK,Indulgodakanda,C,Domestic Zone List.pdf,,
#CR0001,domestic,LK,Inguruwatta,C,Domestic Zone List.pdf,,
#CR0001,domestic,LK,Iriyagolla,C,Domestic Zone List.pdf,,
#CR0001,domestic,LK,Ithanawatta,C,Domestic Zone List.pdf,,
#CR0001,domestic,LK,Ittapana,C,Domestic Zone List.pdf,,
#CR0001,domestic,LK,Jaffna,C,Domestic Zone List.pdf,,
#CR0001,domestic,LK,Jayanthipura,C,Domestic Zone List.pdf,,
#CR0001,domestic,LK,Kadigawa,C,Domestic Zone List.pdf,,
#CR0001,domestic,LK,Kadugannawa,C,Domestic Zone List.pdf,,
#CR0001,domestic,LK,Kahangama,C,Domestic Zone List.pdf,,
#CR0001,domestic,LK,Kahapathwala,C,Domestic Zone List.pdf,,
#CR0001,domestic,LK,Kahatowita,C,Domestic Zone List.pdf,,
#CR0001,domestic,LK,Kahawala,C,Domestic Zone List.pdf,,
#CR0001,domestic,LK,Kalagedihena,C,Domestic Zone List.pdf,,
#CR0001,domestic,LK,Kalawila Kiranthidiya,C,Domestic Zone List.pdf,,
#CR0001,domestic,LK,Kaluaggala,C,Domestic Zone List.pdf,,
#CR0001,domestic,LK,Kalugamuwa,C,Domestic Zone List.pdf,,
#CR0001,domestic,LK,Kalutara,C,Domestic Zone List.pdf,,
#CR0001,domestic,LK,Kamburugamuwa,C,Domestic Zone List.pdf,,
#CR0001,domestic,LK,Kamburupitiya,C,Domestic Zone List.pdf,,
#CR0001,domestic,LK,Kanadeniyawala,C,Domestic Zone List.pdf,,
#CR0001,domestic,LK,Kanattewewa,C,Domestic Zone List.pdf,,
#CR0001,domestic,LK,Kandalama,C,Domestic Zone List.pdf,,
#CR0001,domestic,LK,Kandapola,C,Domestic Zone List.pdf,,
#CR0001,domestic,LK,Kandy,C,Domestic Zone List.pdf,,
#CR0001,domestic,LK,Kapugoda,C,Domestic Zone List.pdf,,
#CR0001,domestic,LK,Karagahagedara,C,Domestic Zone List.pdf,,
#CR0001,domestic,LK,Karambe,C,Domestic Zone List.pdf,,
#CR0001,domestic,LK,Katugastota,C,Domestic Zone List.pdf,,
#CR0001,domestic,LK,Katuneriya,C,Domestic Zone List.pdf,,
#CR0001,domestic,LK,Katupota,C,Domestic Zone List.pdf,,
#CR0001,domestic,LK,Kegalle,C,Domestic Zone List.pdf,,
#CR0001,domestic,LK,Kehelwatta,C,Domestic Zone List.pdf,,
#CR0001,domestic,LK,Kekirawa,C,Domestic Zone List.pdf,,
#CR0001,domestic,LK,Kekunagolla,C,Domestic Zone List.pdf,,
#CR0001,domestic,LK,Kengalla,C,Domestic Zone List.pdf,,
#CR0001,domestic,LK,Keppitiwalana,C,Domestic Zone List.pdf,,
#CR0001,domestic,LK,Kesbewa,C,Domestic Zone List.pdf,,
#CR0001,domestic,LK,Kibissa,C,Domestic Zone List.pdf,,
#CR0001,domestic,LK,Kili Town,C,Domestic Zone List.pdf,,
#CR0001,domestic,LK,Kimbulwanaoya,C,Domestic Zone List.pdf,,
#CR0001,domestic,LK,Kiribathkumbura,C,Domestic Zone List.pdf,,
#CR0001,domestic,LK,Kirimetiyawa,C,Domestic Zone List.pdf,,
#CR0001,domestic,LK,Kirindawa,C,Domestic Zone List.pdf,,
#CR0001,domestic,LK,Kirindigalla,C,Domestic Zone List.pdf,,
#CR0001,domestic,LK,Kirindiwela,C,Domestic Zone List.pdf,,
#CR0001,domestic,LK,Kiriwattuduwa,C,Domestic Zone List.pdf,,
#CR0001,domestic,LK,Kithalawa,C,Domestic Zone List.pdf,,
#CR0001,domestic,LK,Kitulhitiyawa,C,Domestic Zone List.pdf,,
#CR0001,domestic,LK,Kobeigane,C,Domestic Zone List.pdf,,
#CR0001,domestic,LK,Kohilagedara,C,Domestic Zone List.pdf,,
#CR0001,domestic,LK,Koholana,C,Domestic Zone List.pdf,,
#CR0001,domestic,LK,Kolonnawa,C,Domestic Zone List.pdf,,
#CR0001,domestic,LK,Konwewa,C,Domestic Zone List.pdf,,
#CR0001,domestic,LK,Kosdeniya,C,Domestic Zone List.pdf,,
#CR0001,domestic,LK,Kosgama,C,Domestic Zone List.pdf,,
#CR0001,domestic,LK,Kosgolla,C,Domestic Zone List.pdf,,
#CR0001,domestic,LK,Kotadeniyawa,C,Domestic Zone List.pdf,,
#CR0001,domestic,LK,Kotawehera,C,Domestic Zone List.pdf,,
#CR0001,domestic,LK,Kotikawatta,C,Domestic Zone List.pdf,,
#CR0001,domestic,LK,Kuda Uduwa,C,Domestic Zone List.pdf,,
#CR0001,domestic,LK,Kudagalgamuwa,C,Domestic Zone List.pdf,,
#CR0001,domestic,LK,Kudakatnoruwa,C,Domestic Zone List.pdf,,
#CR0001,domestic,LK,Kuliyapitiya,C,Domestic Zone List.pdf,,
#CR0001,domestic,LK,Kumbukgeta,C,Domestic Zone List.pdf,,
#CR0001,domestic,LK,Kumbukwewa,C,Domestic Zone List.pdf,,
#CR0001,domestic,LK,Kundasale,C,Domestic Zone List.pdf,,
#CR0001,domestic,LK,Kuratihena,C,Domestic Zone List.pdf,,
#CR0001,domestic,LK,Kurunegala,C,Domestic Zone List.pdf,,
#CR0001,domestic,LK,Labbala,C,Domestic Zone List.pdf,,
#CR0001,domestic,LK,Lakshauyana,C,Domestic Zone List.pdf,,
#CR0001,domestic,LK,Lellopitiya,C,Domestic Zone List.pdf,,
#CR0001,domestic,LK,Lenadora,C,Domestic Zone List.pdf,,
#CR0001,domestic,LK,Lonahettiya,C,Domestic Zone List.pdf,,
#CR0001,domestic,LK,Mabodale,C,Domestic Zone List.pdf,,
#CR0001,domestic,LK,Madahapola,C,Domestic Zone List.pdf,,
#CR0001,domestic,LK,Madakumburumulla,C,Domestic Zone List.pdf,,
#CR0001,domestic,LK,Madampe,C,Domestic Zone List.pdf,,
#CR0001,domestic,LK,Madapatha,C,Domestic Zone List.pdf,,
#CR0001,domestic,LK,Madatugama,C,Domestic Zone List.pdf,,
#CR0001,domestic,LK,Madawala Bazaar,C,Domestic Zone List.pdf,,
#CR0001,domestic,LK,Madelgamuwa,C,Domestic Zone List.pdf,,
#CR0001,domestic,LK,Maduragoda,C,Domestic Zone List.pdf,,
#CR0001,domestic,LK,Maeliya,C,Domestic Zone List.pdf,,
#CR0001,domestic,LK,Maggona,C,Domestic Zone List.pdf,,
#CR0001,domestic,LK,Magulagama,C,Domestic Zone List.pdf,,
#CR0001,domestic,LK,Maha Elagamuwa,C,Domestic Zone List.pdf,,
#CR0001,domestic,LK,Mahananneriya,C,Domestic Zone List.pdf,,
#CR0001,domestic,LK,Maharachchimulla,C,Domestic Zone List.pdf,,
#CR0001,domestic,LK,Makewita,C,Domestic Zone List.pdf,,
#CR0001,domestic,LK,Makulewa,C,Domestic Zone List.pdf,,
#CR0001,domestic,LK,Makulpotha,C,Domestic Zone List.pdf,,
#CR0001,domestic,LK,Makulwewa,C,Domestic Zone List.pdf,,
#CR0001,domestic,LK,Malagane,C,Domestic Zone List.pdf,,
#CR0001,domestic,LK,Mandapola,C,Domestic Zone List.pdf,,
#CR0001,domestic,LK,Mannar,C,Domestic Zone List.pdf,,
#CR0001,domestic,LK,Marawila,C,Domestic Zone List.pdf,,
#CR0001,domestic,LK,Maspotha,C,Domestic Zone List.pdf,,
#CR0001,domestic,LK,Matale,C,Domestic Zone List.pdf,,
#CR0001,domestic,LK,Matara,C,Domestic Zone List.pdf,,
#CR0001,domestic,LK,Mawanella,C,Domestic Zone List.pdf,,
#CR0001,domestic,LK,Mawathagama,C,Domestic Zone List.pdf,,
#CR0001,domestic,LK,Medirigiriya,C,Domestic Zone List.pdf,,
#CR0001,domestic,LK,Meegalawa,C,Domestic Zone List.pdf,,
#CR0001,domestic,LK,Meegoda,C,Domestic Zone List.pdf,,
#CR0001,domestic,LK,Meetanwala,C,Domestic Zone List.pdf,,
#CR0001,domestic,LK,Meewellawa,C,Domestic Zone List.pdf,,
#CR0001,domestic,LK,Melsiripura,C,Domestic Zone List.pdf,,
#CR0001,domestic,LK,Menikhinna,C,Domestic Zone List.pdf,,
#CR0001,domestic,LK,Metikumbura,C,Domestic Zone List.pdf,,
#CR0001,domestic,LK,Metiyagane,C,Domestic Zone List.pdf,,
#CR0001,domestic,LK,Mihintale,C,Domestic Zone List.pdf,,
#CR0001,domestic,LK,Millewa,C,Domestic Zone List.pdf,,
#CR0001,domestic,LK,Minhettiya,C,Domestic Zone List.pdf,,
#CR0001,domestic,LK,Minneriya,C,Domestic Zone List.pdf,,
#CR0001,domestic,LK,Minuwangete,C,Domestic Zone List.pdf,,
#CR0001,domestic,LK,Minuwangoda,C,Domestic Zone List.pdf,,
#CR0001,domestic,LK,Mirigama,C,Domestic Zone List.pdf,,
#CR0001,domestic,LK,Mirihanagama,C,Domestic Zone List.pdf,,
#CR0001,domestic,LK,Monaragala,C,Domestic Zone List.pdf,,
#CR0001,domestic,LK,Moragane,C,Domestic Zone List.pdf,,
#CR0001,domestic,LK,Moragollagama,C,Domestic Zone List.pdf,,
#CR0001,domestic,LK,Morathiha,C,Domestic Zone List.pdf,,
#CR0001,domestic,LK,Morontuduwa,C,Domestic Zone List.pdf,,
#CR0001,domestic,LK,Muddaragama,C,Domestic Zone List.pdf,,
#CR0001,domestic,LK,Mudungoda,C,Domestic Zone List.pdf,,
#CR0001,domestic,LK,Mullegama,C,Domestic Zone List.pdf,,
#CR0001,domestic,LK,Mulleriyawa,C,Domestic Zone List.pdf,,
#CR0001,domestic,LK,Munamaldeniya,C,Domestic Zone List.pdf,,
#CR0001,domestic,LK,Muruthenge,C,Domestic Zone List.pdf,,
#CR0001,domestic,LK,Nagollagama,C,Domestic Zone List.pdf,,
#CR0001,domestic,LK,Nagollagoda,C,Domestic Zone List.pdf,,
#CR0001,domestic,LK,Nakkawatta,C,Domestic Zone List.pdf,,
#CR0001,domestic,LK,Nallur,C,Domestic Zone List.pdf,,
#CR0001,domestic,LK,Nanuoya,C,Domestic Zone List.pdf,,
#CR0001,domestic,LK,Narammala,C,Domestic Zone List.pdf,,
#CR0001,domestic,LK,Narangoda,C,Domestic Zone List.pdf,,
#CR0001,domestic,LK,Naranwala,C,Domestic Zone List.pdf,,
#CR0001,domestic,LK,Nattarampotha,C,Domestic Zone List.pdf,,
#CR0001,domestic,LK,Naula,C,Domestic Zone List.pdf,,
#CR0001,domestic,LK,Nawalapitiya,C,Domestic Zone List.pdf,,
#CR0001,domestic,LK,Nawana,C,Domestic Zone List.pdf,,
#CR0001,domestic,LK,Nawatalwatta,C,Domestic Zone List.pdf,,
#CR0001,domestic,LK,Nedungamuwa,C,Domestic Zone List.pdf,,
#CR0001,domestic,LK,Nelliya,C,Domestic Zone List.pdf,,
#CR0001,domestic,LK,Nikadalupotha,C,Domestic Zone List.pdf,,
#CR0001,domestic,LK,Nikaweratiya,C,Domestic Zone List.pdf,,
#CR0001,domestic,LK,Nittambuwa,C,Domestic Zone List.pdf,,
#CR0001,domestic,LK,Niwandama,C,Domestic Zone List.pdf,,
#CR0001,domestic,LK,Nugawela,C,Domestic Zone List.pdf,,
#CR0001,domestic,LK,Nuwara Eliya,C,Domestic Zone List.pdf,,
#CR0001,domestic,LK,Obbegoda,C,Domestic Zone List.pdf,,
#CR0001,domestic,LK,Opanayaka,C,Domestic Zone List.pdf,,
#CR0001,domestic,LK,PT Cement Factory,C,Domestic Zone List.pdf,,
#CR0001,domestic,LK,Padeniya,C,Domestic Zone List.pdf,,
#CR0001,domestic,LK,Padiwela,C,Domestic Zone List.pdf,,
#CR0001,domestic,LK,Padukka,C,Domestic Zone List.pdf,,
#CR0001,domestic,LK,Pahamune,C,Domestic Zone List.pdf,,
#CR0001,domestic,LK,Paiyagala,C,Domestic Zone List.pdf,,
#CR0001,domestic,LK,Pallewela,C,Domestic Zone List.pdf,,
#CR0001,domestic,LK,Palugasdamana,C,Domestic Zone List.pdf,,
#CR0001,domestic,LK,Pamunugama,C,Domestic Zone List.pdf,,
#CR0001,domestic,LK,Panadaragama,C,Domestic Zone List.pdf,,
#CR0001,domestic,LK,Panagamuwa,C,Domestic Zone List.pdf,,
#CR0001,domestic,LK,Panaliya,C,Domestic Zone List.pdf,,
#CR0001,domestic,LK,Pandulagama,C,Domestic Zone List.pdf,,
#CR0001,domestic,LK,Panliyadda,C,Domestic Zone List.pdf,,
#CR0001,domestic,LK,Pannala,C,Domestic Zone List.pdf,,
#CR0001,domestic,LK,Pannila,C,Domestic Zone List.pdf,,
#CR0001,domestic,LK,Pansiyagama,C,Domestic Zone List.pdf,,
#CR0001,domestic,LK,Parakramasamudraya,C,Domestic Zone List.pdf,,
#CR0001,domestic,LK,Paranthan,C,Domestic Zone List.pdf,,
#CR0001,domestic,LK,Pasyala,C,Domestic Zone List.pdf,,
#CR0001,domestic,LK,Pelmadulla,C,Domestic Zone List.pdf,,
#CR0001,domestic,LK,Peradeniya,C,Domestic Zone List.pdf,,
#CR0001,domestic,LK,Periya Paranthan,C,Domestic Zone List.pdf,,
#CR0001,domestic,LK,Periyakadneluwa,C,Domestic Zone List.pdf,,
#CR0001,domestic,LK,Pihimbiya Ratmale,C,Domestic Zone List.pdf,,
#CR0001,domestic,LK,Pihimbuwa,C,Domestic Zone List.pdf,,
#CR0001,domestic,LK,Pilawala,C,Domestic Zone List.pdf,,
#CR0001,domestic,LK,Pilessa,C,Domestic Zone List.pdf,,
#CR0001,domestic,LK,Pilimatalawa,C,Domestic Zone List.pdf,,
#CR0001,domestic,LK,Piliyandala,C,Domestic Zone List.pdf,,
#CR0001,domestic,LK,Pokunuwita,C,Domestic Zone List.pdf,,
#CR0001,domestic,LK,Polgahawela,C,Domestic Zone List.pdf,,
#CR0001,domestic,LK,Polgasowita,C,Domestic Zone List.pdf,,
#CR0001,domestic,LK,Polgolla,C,Domestic Zone List.pdf,,
#CR0001,domestic,LK,Polonnaruwa,C,Domestic Zone List.pdf,,
#CR0001,domestic,LK,Polpithimukulana,C,Domestic Zone List.pdf,,
#CR0001,domestic,LK,Polpitigama,C,Domestic Zone List.pdf,,
#CR0001,domestic,LK,Poruwedanda,C,Domestic Zone List.pdf,,
#CR0001,domestic,LK,Pothuhera,C,Domestic Zone List.pdf,,
#CR0001,domestic,LK,Pugoda,C,Domestic Zone List.pdf,,
#CR0001,domestic,LK,Pujapitiya,C,Domestic Zone List.pdf,,
#CR0001,domestic,LK,Pussellawa,C,Domestic Zone List.pdf,,
#CR0001,domestic,LK,Puswelitenna,C,Domestic Zone List.pdf,,
#CR0001,domestic,LK,Puttalam (PT),C,Domestic Zone List.pdf,,
#CR0001,domestic,LK,Puwakpitiya,C,Domestic Zone List.pdf,,
#CR0001,domestic,LK,Radawadunna,C,Domestic Zone List.pdf,,
#CR0001,domestic,LK,Radawana,C,Domestic Zone List.pdf,,
#CR0001,domestic,LK,Rambewa,C,Domestic Zone List.pdf,,
#CR0001,domestic,LK,Ranala,C,Domestic Zone List.pdf,,
#CR0001,domestic,LK,Ratgama,C,Domestic Zone List.pdf,,
#CR0001,domestic,LK,Ratnapura,C,Domestic Zone List.pdf,,
#CR0001,domestic,LK,Ridibendiella,C,Domestic Zone List.pdf,,
#CR0001,domestic,LK,Ridigama,C,Domestic Zone List.pdf,,
#CR0001,domestic,LK,Ruggahawila,C,Domestic Zone List.pdf,,
#CR0001,domestic,LK,Ruwaneliya,C,Domestic Zone List.pdf,,
#CR0001,domestic,LK,Ruwanwella,C,Domestic Zone List.pdf,,
#CR0001,domestic,LK,Sandalankawa,C,Domestic Zone List.pdf,,
#CR0001,domestic,LK,Santhipura,C,Domestic Zone List.pdf,,
#CR0001,domestic,LK,Siddamulla,C,Domestic Zone List.pdf,,
#CR0001,domestic,LK,Sigiriya,C,Domestic Zone List.pdf,,
#CR0001,domestic,LK,Siyambalangamuwa,C,Domestic Zone List.pdf,,
#CR0001,domestic,LK,Siyambalewa,C,Domestic Zone List.pdf,,
#CR0001,domestic,LK,Soranatota,C,Domestic Zone List.pdf,,
#CR0001,domestic,LK,Sravasthipura,C,Domestic Zone List.pdf,,
#CR0001,domestic,LK,Sunandapura,C,Domestic Zone List.pdf,,
#CR0001,domestic,LK,Talakiriyagama,C,Domestic Zone List.pdf,,
#CR0001,domestic,LK,Talawakele,C,Domestic Zone List.pdf,,
#CR0001,domestic,LK,Talawattegedara,C,Domestic Zone List.pdf,,
#CR0001,domestic,LK,Talpe,C,Domestic Zone List.pdf,,
#CR0001,domestic,LK,Tamankaduwa,C,Domestic Zone List.pdf,,
#CR0001,domestic,LK,Tangalla,C,Domestic Zone List.pdf,,
#CR0001,domestic,LK,Tebuwana,C,Domestic Zone List.pdf,,
#CR0001,domestic,LK,Tennekumbura,C,Domestic Zone List.pdf,,
#CR0001,domestic,LK,Thalahitimulla,C,Domestic Zone List.pdf,,
#CR0001,domestic,LK,Thalakolawewa,C,Domestic Zone List.pdf,,
#CR0001,domestic,LK,Thalwita,C,Domestic Zone List.pdf,,
#CR0001,domestic,LK,Thambagalla,C,Domestic Zone List.pdf,,
#CR0001,domestic,LK,Tharana Udawela,C,Domestic Zone List.pdf,,
#CR0001,domestic,LK,Thimbiriyawa,C,Domestic Zone List.pdf,,
#CR0001,domestic,LK,Tisogama,C,Domestic Zone List.pdf,,
#CR0001,domestic,LK,Tittapattara,C,Domestic Zone List.pdf,,
#CR0001,domestic,LK,Torayaya,C,Domestic Zone List.pdf,,
#CR0001,domestic,LK,Trincomalee,C,Domestic Zone List.pdf,,
#CR0001,domestic,LK,Tulhiriya,C,Domestic Zone List.pdf,,
#CR0001,domestic,LK,Tuttiripitigama,C,Domestic Zone List.pdf,,
#CR0001,domestic,LK,Uda Peradeniya,C,Domestic Zone List.pdf,,
#CR0001,domestic,LK,Udatalawinna,C,Domestic Zone List.pdf,,
#CR0001,domestic,LK,Udathuthiripitiya,C,Domestic Zone List.pdf,,
#CR0001,domestic,LK,Udathuththiripitiya,C,Domestic Zone List.pdf,,
#CR0001,domestic,LK,Udawatta,C,Domestic Zone List.pdf,,
#CR0001,domestic,LK,Udubaddawa,C,Domestic Zone List.pdf,,
#CR0001,domestic,LK,Udugampola,C,Domestic Zone List.pdf,,
#CR0001,domestic,LK,Uggalboda,C,Domestic Zone List.pdf,,
#CR0001,domestic,LK,Uhumiya,C,Domestic Zone List.pdf,,
#CR0001,domestic,LK,Ulpotha Pallekele,C,Domestic Zone List.pdf,,
#CR0001,domestic,LK,Uluvitike,C,Domestic Zone List.pdf,,
#CR0001,domestic,LK,Unagalavehera,C,Domestic Zone List.pdf,,
#CR0001,domestic,LK,Unawatuna,C,Domestic Zone List.pdf,,
#CR0001,domestic,LK,Urapola,C,Domestic Zone List.pdf,,
#CR0001,domestic,LK,Uswetakeiyawa,C,Domestic Zone List.pdf,,
#CR0001,domestic,LK,Vannarponnai,C,Domestic Zone List.pdf,,
#CR0001,domestic,LK,Vavuniya,C,Domestic Zone List.pdf,,
#CR0001,domestic,LK,Veyangoda,C,Domestic Zone List.pdf,,
#CR0001,domestic,LK,Wadakada,C,Domestic Zone List.pdf,,
#CR0001,domestic,LK,Wadduwa,C,Domestic Zone List.pdf,,
#CR0001,domestic,LK,Wadumunnegedara,C,Domestic Zone List.pdf,,
#CR0001,domestic,LK,Wakwella,C,Domestic Zone List.pdf,,
#CR0001,domestic,LK,Walahanduwa,C,Domestic Zone List.pdf,,
#CR0001,domestic,LK,Walakumburumulla,C,Domestic Zone List.pdf,,
#CR0001,domestic,LK,Walgammulla,C,Domestic Zone List.pdf,,
#CR0001,domestic,LK,Walpita,C,Domestic Zone List.pdf,,
#CR0001,domestic,LK,Wanaluwewa,C,Domestic Zone List.pdf,,
#CR0001,domestic,LK,Wanchawela,C,Domestic Zone List.pdf,,
#CR0001,domestic,LK,Wannigama,C,Domestic Zone List.pdf,,
#CR0001,domestic,LK,Warakapola,C,Domestic Zone List.pdf,,
#CR0001,domestic,LK,Warawewa,C,Domestic Zone List.pdf,,
#CR0001,domestic,LK,Wariyapola,C,Domestic Zone List.pdf,,
#CR0001,domestic,LK,Waskaduwa,C,Domestic Zone List.pdf,,
#CR0001,domestic,LK,Watareka,C,Domestic Zone List.pdf,,
#CR0001,domestic,LK,Wathurugama,C,Domestic Zone List.pdf,,
#CR0001,domestic,LK,Watinapaha,C,Domestic Zone List.pdf,,
#CR0001,domestic,LK,Wattegama,C,Domestic Zone List.pdf,,
#CR0001,domestic,LK,Watuwatta,C,Domestic Zone List.pdf,,
#CR0001,domestic,LK,Weerapokuna,C,Domestic Zone List.pdf,,
#CR0001,domestic,LK,Wegowwa,C,Domestic Zone List.pdf,,
#CR0001,domestic,LK,Weligalla,C,Domestic Zone List.pdf,,
#CR0001,domestic,LK,Welipennagahamulla,C,Domestic Zone List.pdf,,
#CR0001,domestic,LK,Weliveriya,C,Domestic Zone List.pdf,,
#CR0001,domestic,LK,Wellagala,C,Domestic Zone List.pdf,,
#CR0001,domestic,LK,Wellampitiya,C,Domestic Zone List.pdf,,
#CR0001,domestic,LK,Wellarawa,C,Domestic Zone List.pdf,,
#CR0001,domestic,LK,Wellawa,C,Domestic Zone List.pdf,,
#CR0001,domestic,LK,Welmilla Junction,C,Domestic Zone List.pdf,,
#CR0001,domestic,LK,Welpalla,C,Domestic Zone List.pdf,,
#CR0001,domestic,LK,Wennoruwa,C,Domestic Zone List.pdf,,
#CR0001,domestic,LK,Weuda,C,Domestic Zone List.pdf,,
#CR0001,domestic,LK,Wewagama,C,Domestic Zone List.pdf,,
#CR0001,domestic,LK,Weweldeniya,C,Domestic Zone List.pdf,,
#CR0001,domestic,LK,Wijayabapura,C,Domestic Zone List.pdf,,
#CR0001,domestic,LK,Yakkala,C,Domestic Zone List.pdf,,
#CR0001,domestic,LK,Yakwila,C,Domestic Zone List.pdf,,
#CR0001,domestic,LK,Yatigaloluwa,C,Domestic Zone List.pdf,,
#CR0001,domestic,LK,lbbagamuwa,C,Domestic Zone List.pdf,,
#CR0001,domestic,LK,llukhena,C,Domestic Zone List.pdf,,
#CR0001,domestic,LK,lmaduwa,C,Domestic Zone List.pdf,,
#CR0001,domestic,LK,lnduruwa,C,Domestic Zone List.pdf,,
#CR0001,domestic,LK,lngiriya,C,Domestic Zone List.pdf,,
#CR0001,domestic,LK,Rest of the Cities,D,Domestic Zone List.pdf,,
